,ID,frequency,recency,T,monetary_value
0,1,27.0,108.0,116.0,508.0740740740741
1,2,26.0,108.0,115.0,445.0769230769231
2,3,28.0,120.0,120.0,465.85714285714283
3,4,28.0,116.0,118.0,440.75
4,5,36.0,111.0,120.0,478.52777777777777
5,6,31.0,119.0,119.0,526.9354838709677
6,7,12.0,88.0,115.0,724.5
7,8,27.0,112.0,117.0,492.25925925925924
8,9,27.0,119.0,120.0,586.4444444444445
9,10,26.0,120.0,120.0,457.8076923076923
10,11,20.0,112.0,114.0,482.25
11,12,26.0,119.0,120.0,469.03846153846155
12,13,34.0,112.0,115.0,544.7058823529412
13,14,22.0,104.0,105.0,512.9090909090909
14,15,24.0,110.0,118.0,486.7083333333333
15,16,25.0,117.0,120.0,528.6
16,17,26.0,118.0,119.0,530.6153846153846
17,18,32.0,117.0,119.0,545.8125
18,19,18.0,114.0,118.0,421.6111111111111
19,20,36.0,119.0,120.0,451.8333333333333
20,21,27.0,111.0,116.0,553.6666666666666
21,22,24.0,117.0,119.0,533.1666666666666
22,23,18.0,113.0,119.0,501.1111111111111
23,24,21.0,116.0,116.0,604.8095238095239
24,25,25.0,110.0,119.0,584.12
25,26,22.0,116.0,116.0,513.4090909090909
26,27,30.0,116.0,120.0,635.8333333333334
27,28,26.0,119.0,120.0,429.11538461538464
28,29,24.0,106.0,116.0,504.4583333333333
29,30,24.0,113.0,113.0,423.0416666666667
30,31,21.0,108.0,119.0,476.8095238095238
31,32,24.0,111.0,114.0,499.7083333333333
32,33,14.0,102.0,118.0,317.2142857142857
33,34,25.0,117.0,118.0,516.76
34,35,22.0,114.0,117.0,452.5
35,36,29.0,117.0,118.0,484.86206896551727
36,37,29.0,113.0,115.0,487.82758620689657
37,38,25.0,119.0,119.0,618.16
38,39,27.0,113.0,115.0,452.4074074074074
39,40,26.0,110.0,119.0,496.15384615384613
40,41,23.0,119.0,120.0,465.69565217391306
41,42,19.0,104.0,104.0,380.1578947368421
42,43,29.0,109.0,111.0,467.7931034482759
43,44,28.0,114.0,116.0,469.2857142857143
44,45,27.0,115.0,115.0,490.74074074074076
45,46,24.0,113.0,117.0,467.875
46,47,24.0,114.0,116.0,507.9583333333333
47,48,26.0,118.0,118.0,486.3076923076923
48,49,34.0,114.0,117.0,521.1176470588235
49,50,29.0,113.0,117.0,483.58620689655174
50,51,25.0,119.0,119.0,509.64
51,52,26.0,115.0,117.0,518.3846153846154
52,53,28.0,118.0,120.0,464.64285714285717
53,54,24.0,117.0,118.0,440.625
54,55,23.0,119.0,119.0,478.39130434782606
55,56,34.0,117.0,117.0,544.2647058823529
56,57,40.0,113.0,113.0,542.425
57,58,25.0,116.0,118.0,386.24
58,59,28.0,114.0,118.0,578.4285714285714
59,60,19.0,105.0,114.0,576.3684210526316
60,61,26.0,113.0,114.0,430.11538461538464
61,62,21.0,95.0,117.0,571.2857142857143
62,63,24.0,106.0,119.0,618.0416666666666
63,64,24.0,106.0,107.0,426.9166666666667
64,65,26.0,116.0,120.0,547.3461538461538
65,66,26.0,105.0,111.0,552.3846153846154
66,67,24.0,118.0,118.0,503.5
67,68,23.0,118.0,118.0,511.1304347826087
68,69,32.0,116.0,120.0,456.15625
69,70,18.0,120.0,120.0,448.22222222222223
70,71,25.0,116.0,118.0,339.04
71,72,29.0,117.0,119.0,567.4137931034483
72,73,23.0,119.0,119.0,567.0
73,74,19.0,116.0,116.0,460.05263157894734
74,75,27.0,108.0,114.0,475.4074074074074
75,76,28.0,119.0,120.0,465.14285714285717
76,77,28.0,110.0,117.0,544.1428571428571
77,78,17.0,112.0,118.0,430.70588235294116
78,79,20.0,112.0,120.0,487.9
79,80,26.0,117.0,117.0,572.1153846153846
80,81,27.0,112.0,120.0,427.1111111111111
81,82,28.0,117.0,117.0,494.85714285714283
82,83,33.0,117.0,119.0,497.27272727272725
83,84,20.0,108.0,109.0,480.95
84,85,20.0,112.0,118.0,499.25
85,86,30.0,106.0,108.0,520.8
86,87,27.0,109.0,119.0,431.6666666666667
87,88,24.0,117.0,117.0,551.7083333333334
88,89,19.0,118.0,118.0,505.2105263157895
89,90,20.0,120.0,120.0,568.9
90,91,28.0,110.0,119.0,468.39285714285717
91,92,23.0,105.0,114.0,582.1304347826087
92,93,22.0,117.0,119.0,438.59090909090907
93,94,27.0,116.0,120.0,475.44444444444446
94,95,19.0,120.0,120.0,574.8421052631579
95,96,29.0,111.0,119.0,460.0689655172414
96,97,25.0,117.0,118.0,446.12
97,98,22.0,108.0,117.0,587.6363636363636
98,99,21.0,115.0,118.0,460.42857142857144
99,100,27.0,115.0,120.0,565.2222222222222
100,101,18.0,117.0,118.0,640.1111111111111
101,102,25.0,113.0,113.0,431.8
102,103,24.0,101.0,114.0,488.5416666666667
103,104,24.0,103.0,111.0,372.75
104,105,28.0,109.0,120.0,480.25
105,106,31.0,117.0,119.0,463.1290322580645
106,107,26.0,99.0,108.0,673.8461538461538
107,108,23.0,110.0,117.0,482.0869565217391
108,109,27.0,105.0,120.0,477.6666666666667
109,110,26.0,116.0,118.0,484.5769230769231
110,111,33.0,119.0,120.0,427.1212121212121
111,112,20.0,118.0,118.0,509.0
112,113,23.0,114.0,118.0,478.1304347826087
113,114,26.0,119.0,120.0,379.88461538461536
114,115,21.0,117.0,119.0,536.7142857142857
115,116,26.0,100.0,117.0,376.7692307692308
116,117,26.0,112.0,119.0,523.6153846153846
117,118,23.0,107.0,113.0,516.3478260869565
118,119,29.0,117.0,120.0,486.9655172413793
119,120,17.0,110.0,119.0,552.8823529411765
120,121,22.0,113.0,116.0,473.90909090909093
121,122,25.0,109.0,112.0,308.32
122,123,24.0,119.0,119.0,473.3333333333333
123,124,23.0,116.0,118.0,668.0434782608696
124,125,27.0,112.0,112.0,546.1481481481482
125,126,21.0,117.0,120.0,673.5238095238095
126,127,22.0,103.0,106.0,527.7272727272727
127,128,32.0,113.0,115.0,531.3125
128,129,29.0,117.0,120.0,429.58620689655174
129,130,25.0,113.0,119.0,520.84
130,131,31.0,118.0,118.0,540.1935483870968
131,132,30.0,118.0,120.0,541.0
132,133,24.0,118.0,119.0,556.75
133,134,23.0,118.0,118.0,429.9130434782609
134,135,30.0,118.0,118.0,494.0
135,136,25.0,119.0,120.0,430.88
136,137,33.0,118.0,118.0,500.5151515151515
137,138,31.0,119.0,120.0,507.4193548387097
138,139,32.0,115.0,116.0,519.84375
139,140,25.0,107.0,111.0,543.52
140,141,31.0,116.0,117.0,507.38709677419354
141,142,25.0,115.0,120.0,462.16
142,143,25.0,108.0,111.0,504.72
143,144,34.0,109.0,115.0,537.2352941176471
144,145,26.0,106.0,119.0,517.8461538461538
145,146,27.0,96.0,111.0,502.85185185185185
146,147,22.0,103.0,116.0,507.40909090909093
147,148,24.0,110.0,118.0,400.9583333333333
148,149,25.0,116.0,120.0,430.96
149,150,29.0,109.0,113.0,404.3103448275862
150,151,25.0,112.0,117.0,462.36
151,152,21.0,115.0,119.0,559.6190476190476
152,153,24.0,109.0,116.0,562.0416666666666
153,154,23.0,117.0,120.0,468.69565217391306
154,155,19.0,111.0,116.0,444.3157894736842
155,156,31.0,115.0,118.0,462.2258064516129
156,157,21.0,117.0,118.0,501.9047619047619
157,158,19.0,109.0,118.0,562.0
158,159,19.0,99.0,117.0,526.2631578947369
159,160,27.0,118.0,120.0,397.22222222222223
160,161,27.0,108.0,113.0,395.55555555555554
161,162,28.0,110.0,113.0,549.9642857142857
162,163,24.0,115.0,120.0,501.25
163,164,29.0,117.0,117.0,461.44827586206895
164,165,25.0,115.0,117.0,481.76
165,166,23.0,117.0,119.0,487.2608695652174
166,167,26.0,111.0,115.0,604.5769230769231
167,168,28.0,108.0,118.0,476.32142857142856
168,169,18.0,103.0,103.0,488.1666666666667
169,170,26.0,103.0,117.0,507.5
170,171,30.0,119.0,119.0,520.5
171,172,29.0,118.0,118.0,538.1379310344828
172,173,27.0,103.0,108.0,447.85185185185185
173,174,23.0,107.0,118.0,468.1304347826087
174,175,25.0,117.0,118.0,561.08
175,176,24.0,112.0,117.0,537.625
176,177,26.0,113.0,113.0,357.3076923076923
177,178,31.0,114.0,120.0,467.61290322580646
178,179,27.0,114.0,118.0,398.77777777777777
179,180,28.0,109.0,118.0,470.17857142857144
180,181,26.0,111.0,111.0,581.0
181,182,27.0,119.0,120.0,431.25925925925924
182,183,28.0,118.0,118.0,531.2142857142857
183,184,21.0,102.0,102.0,423.14285714285717
184,185,20.0,116.0,119.0,526.4
185,186,13.0,104.0,105.0,411.61538461538464
186,187,28.0,117.0,118.0,573.3928571428571
187,188,27.0,109.0,109.0,476.14814814814815
188,189,24.0,117.0,120.0,499.7083333333333
189,190,25.0,116.0,118.0,448.84
190,191,30.0,120.0,120.0,553.7
191,192,22.0,106.0,119.0,616.2272727272727
192,193,32.0,118.0,120.0,434.5
193,194,30.0,118.0,120.0,479.53333333333336
194,195,29.0,116.0,118.0,500.2068965517241
195,196,20.0,108.0,112.0,602.85
196,197,18.0,97.0,120.0,576.3888888888889
197,198,18.0,103.0,116.0,509.72222222222223
198,199,28.0,120.0,120.0,480.0
199,200,24.0,114.0,114.0,523.4583333333334
200,201,19.0,116.0,120.0,536.8947368421053
201,202,32.0,117.0,117.0,451.59375
202,203,24.0,114.0,119.0,520.4166666666666
203,204,26.0,118.0,120.0,481.03846153846155
204,205,25.0,109.0,118.0,431.56
205,206,20.0,115.0,115.0,489.1
206,207,25.0,111.0,114.0,506.44
207,208,26.0,116.0,116.0,479.03846153846155
208,209,20.0,108.0,117.0,425.35
209,210,26.0,115.0,115.0,494.84615384615387
210,211,20.0,97.0,101.0,416.2
211,212,26.0,115.0,117.0,568.1153846153846
212,213,19.0,113.0,119.0,526.421052631579
213,214,24.0,116.0,120.0,404.7916666666667
214,215,33.0,113.0,120.0,512.2424242424242
215,216,28.0,118.0,119.0,417.57142857142856
216,217,26.0,118.0,120.0,507.1923076923077
217,218,21.0,102.0,112.0,556.7142857142857
218,219,24.0,116.0,117.0,618.75
219,220,30.0,111.0,113.0,508.3666666666667
220,221,16.0,118.0,119.0,561.8125
221,222,17.0,116.0,116.0,517.7647058823529
222,223,32.0,117.0,118.0,445.90625
223,224,27.0,120.0,120.0,450.3333333333333
224,225,30.0,116.0,119.0,436.73333333333335
225,226,31.0,112.0,120.0,444.96774193548384
226,227,25.0,113.0,113.0,563.32
227,228,20.0,109.0,113.0,412.6
228,229,24.0,111.0,114.0,477.7916666666667
229,230,28.0,115.0,118.0,492.89285714285717
230,231,22.0,115.0,117.0,477.40909090909093
231,232,29.0,116.0,117.0,483.8965517241379
232,233,24.0,105.0,119.0,521.0416666666666
233,234,30.0,120.0,120.0,457.8666666666667
234,235,22.0,115.0,116.0,466.8636363636364
235,236,23.0,118.0,119.0,522.304347826087
236,237,23.0,110.0,117.0,472.1304347826087
237,238,22.0,119.0,120.0,661.2727272727273
238,239,31.0,106.0,117.0,500.19354838709677
239,240,26.0,109.0,118.0,521.4230769230769
240,241,34.0,103.0,119.0,494.05882352941177
241,242,23.0,101.0,116.0,446.9130434782609
242,243,27.0,119.0,120.0,412.48148148148147
243,244,16.0,112.0,120.0,441.875
244,245,27.0,114.0,114.0,442.2962962962963
245,246,17.0,111.0,115.0,605.6470588235294
246,247,22.0,117.0,118.0,460.8181818181818
247,248,20.0,110.0,116.0,622.3
248,249,21.0,113.0,118.0,506.3809523809524
249,250,29.0,109.0,110.0,418.62068965517244
250,251,25.0,118.0,120.0,488.04
251,252,28.0,115.0,119.0,515.8928571428571
252,253,29.0,116.0,117.0,452.86206896551727
253,254,28.0,111.0,115.0,466.64285714285717
254,255,17.0,103.0,105.0,510.70588235294116
255,256,27.0,103.0,116.0,450.25925925925924
256,257,16.0,119.0,120.0,534.625
257,258,21.0,120.0,120.0,541.0952380952381
258,259,27.0,109.0,117.0,435.44444444444446
259,260,26.0,118.0,119.0,433.53846153846155
260,261,23.0,119.0,119.0,554.5217391304348
261,262,21.0,90.0,115.0,536.0952380952381
262,263,28.0,114.0,118.0,474.75
263,264,27.0,115.0,116.0,597.2592592592592
264,265,28.0,119.0,120.0,588.6071428571429
265,266,23.0,117.0,117.0,535.1304347826087
266,267,18.0,102.0,104.0,492.27777777777777
267,268,25.0,117.0,117.0,566.8
268,269,18.0,107.0,120.0,522.3333333333334
269,270,28.0,111.0,114.0,454.32142857142856
270,271,26.0,118.0,118.0,541.8846153846154
271,272,24.0,116.0,117.0,443.9166666666667
272,273,23.0,109.0,119.0,469.95652173913044
273,274,25.0,116.0,116.0,453.68
274,275,29.0,114.0,120.0,555.4827586206897
275,276,21.0,105.0,110.0,534.7619047619048
276,277,19.0,115.0,117.0,476.1578947368421
277,278,30.0,115.0,119.0,417.53333333333336
278,279,21.0,118.0,120.0,397.3333333333333
279,280,18.0,113.0,115.0,473.8333333333333
280,281,24.0,119.0,120.0,544.7083333333334
281,282,20.0,118.0,120.0,411.95
282,283,29.0,118.0,118.0,469.82758620689657
283,284,22.0,115.0,116.0,437.0
284,285,29.0,120.0,120.0,404.7586206896552
285,286,22.0,115.0,116.0,407.04545454545456
286,287,26.0,114.0,116.0,630.1153846153846
287,288,25.0,120.0,120.0,519.68
288,289,22.0,113.0,114.0,383.0
289,290,32.0,109.0,119.0,512.0625
290,291,26.0,110.0,116.0,516.6923076923077
291,292,31.0,109.0,113.0,524.0
292,293,17.0,114.0,119.0,377.7647058823529
293,294,22.0,84.0,111.0,462.1818181818182
294,295,37.0,117.0,120.0,423.7837837837838
295,296,22.0,108.0,114.0,306.09090909090907
296,297,28.0,118.0,120.0,483.35714285714283
297,298,26.0,115.0,119.0,516.1153846153846
298,299,32.0,115.0,115.0,479.71875
299,300,22.0,118.0,118.0,460.6363636363636
300,301,29.0,105.0,118.0,374.62068965517244
301,302,23.0,112.0,113.0,438.04347826086956
302,303,30.0,110.0,112.0,489.5
303,304,23.0,117.0,119.0,537.1739130434783
304,305,24.0,112.0,112.0,588.0
305,306,30.0,112.0,114.0,412.0
306,307,21.0,116.0,119.0,522.047619047619
307,308,23.0,113.0,118.0,455.1304347826087
308,309,23.0,118.0,119.0,570.0869565217391
309,310,25.0,119.0,120.0,434.64
310,311,21.0,99.0,119.0,426.6666666666667
311,312,29.0,117.0,117.0,562.3103448275862
312,313,21.0,112.0,116.0,406.3809523809524
313,314,23.0,113.0,117.0,445.82608695652175
314,315,32.0,111.0,118.0,539.40625
315,316,24.0,108.0,120.0,637.5833333333334
316,317,30.0,119.0,120.0,441.53333333333336
317,318,22.0,102.0,110.0,499.6818181818182
318,319,28.0,109.0,119.0,496.10714285714283
319,320,20.0,117.0,118.0,528.2
320,321,27.0,116.0,120.0,486.18518518518516
321,322,21.0,105.0,118.0,487.57142857142856
322,323,35.0,118.0,118.0,482.0571428571429
323,324,28.0,120.0,120.0,503.92857142857144
324,325,27.0,114.0,120.0,471.55555555555554
325,326,24.0,116.0,117.0,405.2083333333333
326,327,28.0,113.0,113.0,533.6785714285714
327,328,27.0,116.0,117.0,547.4074074074074
328,329,23.0,111.0,117.0,549.9565217391304
329,330,20.0,117.0,119.0,454.9
330,331,20.0,119.0,119.0,474.05
331,332,23.0,111.0,115.0,546.0434782608696
332,333,30.0,119.0,120.0,561.7666666666667
333,334,24.0,96.0,119.0,383.0
334,335,27.0,116.0,119.0,543.8518518518518
335,336,21.0,117.0,120.0,519.4285714285714
336,337,29.0,118.0,118.0,600.9655172413793
337,338,22.0,115.0,120.0,506.09090909090907
338,339,18.0,120.0,120.0,536.0555555555555
339,340,29.0,113.0,114.0,482.3448275862069
340,341,24.0,118.0,119.0,437.0416666666667
341,342,25.0,119.0,120.0,447.12
342,343,23.0,106.0,112.0,465.69565217391306
343,344,18.0,117.0,118.0,501.27777777777777
344,345,29.0,110.0,118.0,526.2068965517242
345,346,29.0,119.0,120.0,549.9310344827586
346,347,25.0,116.0,119.0,474.12
347,348,31.0,114.0,118.0,473.741935483871
348,349,29.0,113.0,114.0,510.8965517241379
349,350,27.0,111.0,112.0,451.55555555555554
350,351,31.0,106.0,108.0,428.5806451612903
351,352,25.0,105.0,118.0,510.84
352,353,22.0,113.0,120.0,471.90909090909093
353,354,27.0,115.0,116.0,528.4074074074074
354,355,27.0,112.0,119.0,444.2962962962963
355,356,25.0,111.0,118.0,440.08
356,357,23.0,114.0,117.0,515.4347826086956
357,358,15.0,112.0,116.0,512.4
358,359,25.0,118.0,120.0,573.0
359,360,27.0,119.0,119.0,610.1481481481482
360,361,21.0,110.0,113.0,423.9047619047619
361,362,30.0,118.0,119.0,436.1666666666667
362,363,27.0,115.0,115.0,598.4814814814815
363,364,23.0,115.0,115.0,409.7826086956522
364,365,21.0,113.0,114.0,402.85714285714283
365,366,29.0,118.0,120.0,450.41379310344826
366,367,19.0,111.0,115.0,374.7368421052632
367,368,24.0,119.0,120.0,420.7083333333333
368,369,31.0,119.0,120.0,465.5483870967742
369,370,25.0,115.0,119.0,389.32
370,371,21.0,118.0,120.0,551.6666666666666
371,372,27.0,113.0,120.0,488.51851851851853
372,373,29.0,105.0,106.0,487.55172413793105
373,374,24.0,118.0,120.0,401.5
374,375,23.0,105.0,105.0,527.0
375,376,24.0,120.0,120.0,496.7083333333333
376,377,26.0,106.0,119.0,397.88461538461536
377,378,28.0,109.0,117.0,508.25
378,379,18.0,101.0,119.0,589.0555555555555
379,380,27.0,117.0,118.0,595.6296296296297
380,381,18.0,113.0,117.0,410.27777777777777
381,382,17.0,114.0,120.0,586.3529411764706
382,383,29.0,117.0,119.0,538.8965517241379
383,384,27.0,113.0,116.0,429.81481481481484
384,385,29.0,119.0,119.0,448.86206896551727
385,386,24.0,108.0,110.0,574.4166666666666
386,387,26.0,114.0,119.0,512.9230769230769
387,388,23.0,96.0,102.0,581.304347826087
388,389,25.0,115.0,118.0,581.72
389,390,16.0,116.0,116.0,494.375
390,391,23.0,117.0,117.0,409.04347826086956
391,392,22.0,111.0,119.0,524.5454545454545
392,393,22.0,110.0,117.0,446.09090909090907
393,394,25.0,97.0,105.0,572.8
394,395,32.0,113.0,116.0,506.03125
395,396,21.0,118.0,119.0,392.8095238095238
396,397,20.0,104.0,110.0,487.95
397,398,20.0,113.0,120.0,379.3
398,399,26.0,111.0,117.0,488.46153846153845
399,400,27.0,104.0,119.0,567.1481481481482
400,401,28.0,111.0,119.0,507.9642857142857
401,402,19.0,107.0,112.0,412.7368421052632
402,403,22.0,104.0,116.0,473.8636363636364
403,404,25.0,114.0,120.0,596.6
404,405,23.0,114.0,120.0,408.82608695652175
405,406,26.0,119.0,120.0,531.5769230769231
406,407,28.0,113.0,115.0,447.07142857142856
407,408,27.0,118.0,120.0,519.5925925925926
408,409,22.0,113.0,118.0,492.77272727272725
409,410,24.0,110.0,112.0,558.0416666666666
410,411,29.0,113.0,116.0,494.3103448275862
411,412,26.0,105.0,116.0,522.3846153846154
412,413,22.0,109.0,117.0,567.2272727272727
413,414,28.0,114.0,118.0,550.5357142857143
414,415,18.0,110.0,114.0,523.3333333333334
415,416,32.0,118.0,120.0,434.21875
416,417,28.0,116.0,118.0,583.6785714285714
417,418,32.0,120.0,120.0,390.25
418,419,27.0,108.0,120.0,468.6296296296296
419,420,29.0,110.0,114.0,542.7241379310345
420,421,31.0,115.0,115.0,482.38709677419354
421,422,23.0,118.0,120.0,487.5652173913044
422,423,28.0,100.0,120.0,547.6428571428571
423,424,25.0,107.0,120.0,554.64
424,425,29.0,116.0,120.0,458.2413793103448
425,426,20.0,102.0,114.0,514.55
426,427,23.0,98.0,111.0,485.1304347826087
427,428,28.0,115.0,117.0,570.1785714285714
428,429,20.0,115.0,118.0,532.6
429,430,28.0,116.0,120.0,480.32142857142856
430,431,31.0,118.0,120.0,538.7096774193549
431,432,17.0,111.0,119.0,589.1764705882352
432,433,23.0,115.0,119.0,521.7826086956521
433,434,36.0,120.0,120.0,495.8888888888889
434,435,22.0,114.0,119.0,473.09090909090907
435,436,30.0,118.0,119.0,507.3333333333333
436,437,29.0,120.0,120.0,446.6551724137931
437,438,28.0,103.0,115.0,459.67857142857144
438,439,22.0,113.0,116.0,513.4545454545455
439,440,30.0,115.0,118.0,365.8333333333333
440,441,27.0,116.0,117.0,511.1111111111111
441,442,30.0,116.0,119.0,542.5
442,443,29.0,114.0,116.0,517.5172413793103
443,444,35.0,117.0,119.0,531.8285714285714
444,445,26.0,119.0,119.0,575.0
445,446,26.0,112.0,117.0,623.6538461538462
446,447,28.0,108.0,118.0,391.7857142857143
447,448,28.0,115.0,116.0,519.4285714285714
448,449,24.0,115.0,119.0,489.9166666666667
449,450,17.0,92.0,92.0,342.29411764705884
450,451,31.0,111.0,111.0,503.0
451,452,26.0,111.0,120.0,474.1923076923077
452,453,19.0,115.0,117.0,496.4736842105263
453,454,30.0,116.0,117.0,530.7
454,455,27.0,112.0,114.0,570.0
455,456,34.0,112.0,114.0,422.0882352941176
456,457,22.0,117.0,118.0,512.8181818181819
457,458,27.0,108.0,111.0,528.9629629629629
458,459,23.0,108.0,118.0,509.3478260869565
459,460,26.0,105.0,117.0,545.8461538461538
460,461,28.0,117.0,118.0,498.0
461,462,28.0,119.0,120.0,595.6071428571429
462,463,32.0,117.0,119.0,534.0625
463,464,22.0,107.0,113.0,505.27272727272725
464,465,23.0,118.0,118.0,450.6521739130435
465,466,25.0,112.0,114.0,500.64
466,467,25.0,112.0,113.0,463.72
467,468,29.0,115.0,115.0,486.44827586206895
468,469,20.0,115.0,116.0,529.45
469,470,21.0,115.0,117.0,528.7142857142857
470,471,21.0,108.0,116.0,459.6666666666667
471,472,32.0,119.0,119.0,538.65625
472,473,18.0,113.0,120.0,508.27777777777777
473,474,26.0,109.0,117.0,550.8461538461538
474,475,25.0,111.0,116.0,483.36
475,476,20.0,113.0,114.0,514.65
476,477,21.0,103.0,107.0,425.04761904761904
477,478,24.0,112.0,112.0,523.0416666666666
478,479,36.0,120.0,120.0,591.1388888888889
479,480,29.0,116.0,120.0,548.8620689655172
480,481,25.0,111.0,113.0,461.04
481,482,29.0,116.0,117.0,476.82758620689657
482,483,27.0,114.0,114.0,535.2222222222222
483,484,31.0,119.0,119.0,511.8709677419355
484,485,22.0,112.0,117.0,545.9545454545455
485,486,25.0,110.0,116.0,456.8
486,487,24.0,120.0,120.0,553.375
487,488,24.0,114.0,114.0,553.2916666666666
488,489,24.0,112.0,118.0,435.2916666666667
489,490,24.0,110.0,117.0,459.125
490,491,34.0,106.0,114.0,530.6764705882352
491,492,25.0,111.0,119.0,601.08
492,493,33.0,115.0,115.0,538.6969696969697
493,494,24.0,116.0,120.0,502.0
494,495,32.0,111.0,111.0,440.625
495,496,28.0,118.0,119.0,537.9642857142857
496,497,31.0,118.0,118.0,493.5806451612903
497,498,28.0,113.0,119.0,577.7857142857143
498,499,24.0,118.0,119.0,484.125
499,500,26.0,118.0,119.0,462.3076923076923
500,501,24.0,117.0,119.0,483.6666666666667
501,502,28.0,108.0,116.0,466.82142857142856
502,503,31.0,120.0,120.0,542.4516129032259
503,504,28.0,118.0,118.0,479.75
504,505,34.0,110.0,110.0,509.47058823529414
505,506,33.0,120.0,120.0,402.90909090909093
506,507,25.0,110.0,117.0,522.36
507,508,24.0,117.0,120.0,373.5
508,509,20.0,118.0,120.0,531.8
509,510,24.0,111.0,114.0,481.375
510,511,27.0,114.0,116.0,473.1111111111111
511,512,30.0,111.0,114.0,457.6666666666667
512,513,18.0,114.0,120.0,479.5
513,514,24.0,117.0,117.0,492.0416666666667
514,515,24.0,113.0,115.0,624.9166666666666
515,516,32.0,117.0,117.0,554.3125
516,517,24.0,115.0,120.0,516.5
517,518,21.0,113.0,114.0,555.3809523809524
518,519,23.0,113.0,114.0,492.8695652173913
519,520,21.0,105.0,115.0,641.0952380952381
520,521,26.0,119.0,119.0,483.1923076923077
521,522,25.0,120.0,120.0,448.76
522,523,24.0,112.0,119.0,444.75
523,524,18.0,105.0,110.0,501.27777777777777
524,525,29.0,116.0,119.0,458.7586206896552
525,526,26.0,113.0,120.0,498.4230769230769
526,527,32.0,116.0,117.0,438.59375
527,528,19.0,106.0,106.0,555.8421052631579
528,529,29.0,110.0,111.0,450.7586206896552
529,530,39.0,119.0,119.0,448.1025641025641
530,531,27.0,115.0,118.0,536.7037037037037
531,532,29.0,115.0,117.0,542.6551724137931
532,533,28.0,102.0,113.0,583.3571428571429
533,534,27.0,116.0,119.0,552.925925925926
534,535,18.0,117.0,119.0,481.8888888888889
535,536,17.0,94.0,108.0,456.94117647058823
536,537,21.0,105.0,114.0,419.04761904761904
537,538,26.0,120.0,120.0,397.84615384615387
538,539,28.0,116.0,120.0,497.42857142857144
539,540,25.0,116.0,120.0,581.52
540,541,28.0,116.0,116.0,484.82142857142856
541,542,26.0,115.0,118.0,552.5769230769231
542,543,21.0,117.0,120.0,635.3333333333334
543,544,28.0,105.0,108.0,480.4642857142857
544,545,28.0,111.0,111.0,525.6428571428571
545,546,22.0,108.0,111.0,433.54545454545456
546,547,20.0,104.0,109.0,463.2
547,548,24.0,103.0,116.0,507.0
548,549,32.0,108.0,116.0,424.4375
549,550,19.0,102.0,120.0,497.36842105263156
550,551,31.0,119.0,120.0,597.7096774193549
551,552,21.0,98.0,109.0,470.57142857142856
552,553,26.0,111.0,120.0,514.7692307692307
553,554,20.0,104.0,111.0,448.15
554,555,26.0,112.0,117.0,514.0
555,556,27.0,120.0,120.0,470.22222222222223
556,557,18.0,111.0,112.0,587.0
557,558,30.0,111.0,114.0,527.9333333333333
558,559,22.0,119.0,119.0,409.95454545454544
559,560,28.0,106.0,120.0,508.92857142857144
560,561,25.0,117.0,119.0,453.12
561,562,34.0,113.0,117.0,449.1764705882353
562,563,25.0,114.0,115.0,512.96
563,564,34.0,106.0,106.0,401.38235294117646
564,565,20.0,117.0,118.0,429.45
565,566,25.0,115.0,115.0,447.0
566,567,25.0,107.0,109.0,455.84
567,568,24.0,117.0,118.0,469.8333333333333
568,569,28.0,119.0,119.0,514.5357142857143
569,570,32.0,119.0,119.0,547.53125
570,571,29.0,118.0,120.0,524.1034482758621
571,572,24.0,119.0,120.0,452.8333333333333
572,573,24.0,114.0,117.0,452.9166666666667
573,574,25.0,118.0,118.0,492.72
574,575,23.0,116.0,118.0,445.5217391304348
575,576,22.0,119.0,119.0,533.8181818181819
576,577,26.0,116.0,119.0,498.15384615384613
577,578,26.0,112.0,120.0,473.65384615384613
578,579,28.0,113.0,113.0,548.8571428571429
579,580,24.0,108.0,117.0,449.4583333333333
580,581,24.0,120.0,120.0,566.5
581,582,17.0,117.0,119.0,458.5882352941176
582,583,25.0,111.0,111.0,485.48
583,584,28.0,110.0,116.0,527.75
584,585,31.0,119.0,119.0,488.03225806451616
585,586,35.0,116.0,119.0,480.48571428571427
586,587,30.0,110.0,112.0,500.76666666666665
587,588,28.0,105.0,112.0,516.8214285714286
588,589,24.0,110.0,118.0,497.6666666666667
589,590,26.0,117.0,118.0,480.15384615384613
590,591,35.0,108.0,110.0,531.0
591,592,29.0,104.0,108.0,564.0344827586207
592,593,18.0,111.0,118.0,495.0
593,594,30.0,119.0,120.0,535.5666666666667
594,595,18.0,108.0,109.0,588.1666666666666
595,596,16.0,105.0,109.0,508.0625
596,597,31.0,107.0,117.0,487.7741935483871
597,598,34.0,114.0,117.0,560.6176470588235
598,599,23.0,111.0,111.0,479.6521739130435
599,600,24.0,111.0,119.0,542.4166666666666
600,601,26.0,103.0,116.0,515.9615384615385
601,602,33.0,116.0,118.0,449.0
602,603,24.0,120.0,120.0,513.9583333333334
603,604,21.0,110.0,120.0,350.1904761904762
604,605,20.0,108.0,116.0,493.65
605,606,30.0,117.0,119.0,512.6333333333333
606,607,27.0,102.0,103.0,480.51851851851853
607,608,24.0,109.0,113.0,476.3333333333333
608,609,25.0,112.0,118.0,506.52
609,610,26.0,79.0,102.0,475.11538461538464
610,611,25.0,108.0,115.0,483.64
611,612,27.0,117.0,119.0,517.4074074074074
612,613,31.0,106.0,110.0,482.6774193548387
613,614,22.0,113.0,120.0,472.5
614,615,28.0,117.0,118.0,425.0357142857143
615,616,32.0,119.0,120.0,465.8125
616,617,34.0,120.0,120.0,542.9411764705883
617,618,24.0,110.0,114.0,551.875
618,619,31.0,117.0,119.0,535.6129032258065
619,620,29.0,114.0,115.0,549.1379310344828
620,621,26.0,116.0,116.0,442.15384615384613
621,622,28.0,118.0,120.0,450.2142857142857
622,623,23.0,118.0,119.0,660.1739130434783
623,624,17.0,105.0,108.0,550.4705882352941
624,625,21.0,119.0,120.0,382.0
625,626,22.0,120.0,120.0,577.3636363636364
626,627,18.0,104.0,114.0,520.1111111111111
627,628,27.0,117.0,117.0,505.9259259259259
628,629,21.0,100.0,114.0,505.3809523809524
629,630,29.0,115.0,118.0,518.7241379310345
630,631,26.0,111.0,118.0,632.0769230769231
631,632,19.0,114.0,116.0,416.3157894736842
632,633,26.0,99.0,117.0,512.5769230769231
633,634,21.0,110.0,112.0,482.6190476190476
634,635,18.0,86.0,89.0,475.05555555555554
635,636,26.0,100.0,113.0,495.8076923076923
636,637,23.0,117.0,120.0,458.17391304347825
637,638,25.0,118.0,120.0,544.12
638,639,24.0,116.0,119.0,452.0
639,640,26.0,119.0,119.0,473.38461538461536
640,641,29.0,117.0,120.0,539.8965517241379
641,642,25.0,105.0,120.0,490.84
642,643,21.0,114.0,119.0,441.0
643,644,19.0,112.0,119.0,481.7894736842105
644,645,24.0,113.0,120.0,517.0833333333334
645,646,27.0,119.0,120.0,521.0370370370371
646,647,22.0,109.0,117.0,442.5
647,648,30.0,117.0,117.0,493.96666666666664
648,649,29.0,117.0,119.0,552.3103448275862
649,650,26.0,116.0,117.0,376.0
650,651,29.0,117.0,120.0,505.0344827586207
651,652,27.0,118.0,120.0,509.48148148148147
652,653,24.0,99.0,113.0,482.625
653,654,23.0,118.0,120.0,512.3913043478261
654,655,22.0,116.0,120.0,535.1818181818181
655,656,32.0,116.0,119.0,517.8125
656,657,24.0,119.0,119.0,452.375
657,658,25.0,103.0,103.0,475.44
658,659,27.0,117.0,119.0,523.1111111111111
659,660,23.0,115.0,120.0,553.1304347826087
660,661,20.0,112.0,119.0,567.4
661,662,25.0,120.0,120.0,511.56
662,663,35.0,120.0,120.0,546.6571428571428
663,664,28.0,118.0,119.0,561.0357142857143
664,665,25.0,118.0,118.0,493.28
665,666,23.0,119.0,120.0,420.4347826086956
666,667,26.0,120.0,120.0,437.11538461538464
667,668,25.0,118.0,119.0,455.96
668,669,25.0,119.0,120.0,509.08
669,670,25.0,108.0,114.0,667.36
670,671,29.0,119.0,119.0,520.9310344827586
671,672,32.0,117.0,120.0,495.4375
672,673,30.0,94.0,117.0,448.3333333333333
673,674,24.0,106.0,113.0,474.125
674,675,28.0,109.0,116.0,475.2142857142857
675,676,20.0,108.0,111.0,484.1
676,677,25.0,111.0,113.0,466.64
677,678,23.0,120.0,120.0,502.69565217391306
678,679,32.0,112.0,118.0,619.03125
679,680,21.0,118.0,118.0,415.76190476190476
680,681,29.0,111.0,119.0,506.0689655172414
681,682,25.0,117.0,118.0,525.84
682,683,28.0,118.0,120.0,489.0357142857143
683,684,27.0,108.0,114.0,525.5185185185185
684,685,32.0,111.0,113.0,493.59375
685,686,28.0,103.0,112.0,565.1428571428571
686,687,39.0,118.0,120.0,529.2564102564103
687,688,24.0,119.0,119.0,411.1666666666667
688,689,30.0,114.0,119.0,512.3
689,690,24.0,112.0,117.0,517.4166666666666
690,691,18.0,89.0,115.0,579.9444444444445
691,692,24.0,112.0,116.0,483.8333333333333
692,693,19.0,115.0,115.0,612.4736842105264
693,694,21.0,118.0,120.0,452.9047619047619
694,695,28.0,119.0,119.0,474.2142857142857
695,696,26.0,108.0,110.0,503.03846153846155
696,697,21.0,114.0,119.0,516.1428571428571
697,698,20.0,103.0,116.0,537.55
698,699,19.0,115.0,117.0,441.3157894736842
699,700,23.0,114.0,118.0,611.5217391304348
700,701,31.0,117.0,118.0,492.7096774193548
701,702,22.0,114.0,117.0,615.9545454545455
702,703,19.0,111.0,119.0,459.63157894736844
703,704,24.0,116.0,116.0,420.7083333333333
704,705,24.0,111.0,111.0,525.9166666666666
705,706,28.0,114.0,120.0,493.14285714285717
706,707,24.0,117.0,120.0,469.5416666666667
707,708,25.0,102.0,107.0,488.4
708,709,18.0,120.0,120.0,478.5
709,710,27.0,113.0,120.0,573.925925925926
710,711,32.0,113.0,116.0,411.84375
711,712,27.0,111.0,117.0,495.48148148148147
712,713,25.0,110.0,117.0,532.08
713,714,22.0,110.0,116.0,505.6818181818182
714,715,19.0,103.0,120.0,575.8947368421053
715,716,25.0,111.0,119.0,397.68
716,717,26.0,114.0,114.0,390.8076923076923
717,718,22.0,99.0,106.0,506.54545454545456
718,719,20.0,110.0,119.0,490.55
719,720,25.0,116.0,117.0,438.04
720,721,20.0,118.0,118.0,379.45
721,722,25.0,107.0,120.0,572.68
722,723,24.0,119.0,120.0,564.0
723,724,20.0,106.0,112.0,561.35
724,725,19.0,112.0,115.0,490.7894736842105
725,726,27.0,116.0,118.0,575.8148148148148
726,727,28.0,113.0,115.0,447.64285714285717
727,728,28.0,120.0,120.0,514.3214285714286
728,729,21.0,115.0,115.0,551.0
729,730,27.0,106.0,111.0,524.2962962962963
730,731,20.0,115.0,115.0,515.25
731,732,25.0,106.0,110.0,491.64
732,733,20.0,115.0,118.0,498.2
733,734,28.0,113.0,120.0,413.82142857142856
734,735,24.0,112.0,113.0,450.4166666666667
735,736,21.0,108.0,114.0,488.0
736,737,31.0,117.0,117.0,569.4193548387096
737,738,21.0,117.0,117.0,530.7142857142857
738,739,22.0,111.0,115.0,645.3181818181819
739,740,28.0,115.0,119.0,423.4642857142857
740,741,29.0,112.0,118.0,480.6896551724138
741,742,33.0,117.0,117.0,459.8181818181818
742,743,26.0,119.0,120.0,464.88461538461536
743,744,23.0,112.0,112.0,459.3478260869565
744,745,20.0,118.0,119.0,549.9
745,746,29.0,108.0,110.0,384.17241379310343
746,747,22.0,114.0,119.0,443.54545454545456
747,748,27.0,119.0,119.0,530.9629629629629
748,749,25.0,109.0,110.0,465.2
749,750,21.0,120.0,120.0,590.7619047619048
750,751,26.0,108.0,113.0,559.6923076923077
751,752,20.0,98.0,118.0,435.25
752,753,26.0,113.0,117.0,630.9615384615385
753,754,28.0,113.0,115.0,479.5357142857143
754,755,20.0,119.0,119.0,546.3
755,756,21.0,109.0,117.0,531.1904761904761
756,757,23.0,117.0,120.0,524.5652173913044
757,758,18.0,96.0,100.0,570.3333333333334
758,759,15.0,110.0,113.0,458.2
759,760,21.0,115.0,116.0,569.1904761904761
760,761,21.0,105.0,107.0,413.9047619047619
761,762,23.0,113.0,117.0,484.9130434782609
762,763,26.0,119.0,120.0,427.96153846153845
763,764,22.0,114.0,114.0,415.22727272727275
764,765,24.0,112.0,118.0,451.25
765,766,34.0,118.0,118.0,494.2647058823529
766,767,18.0,118.0,120.0,429.05555555555554
767,768,26.0,115.0,119.0,510.34615384615387
768,769,31.0,118.0,119.0,582.516129032258
769,770,23.0,117.0,117.0,494.9130434782609
770,771,21.0,106.0,112.0,590.6190476190476
771,772,23.0,113.0,114.0,515.304347826087
772,773,19.0,114.0,120.0,517.578947368421
773,774,32.0,111.0,114.0,554.84375
774,775,27.0,109.0,113.0,473.6296296296296
775,776,25.0,112.0,118.0,532.4
776,777,22.0,117.0,118.0,413.90909090909093
777,778,27.0,110.0,113.0,519.4814814814815
778,779,17.0,119.0,119.0,536.9411764705883
779,780,30.0,116.0,116.0,510.76666666666665
780,781,34.0,115.0,118.0,571.4411764705883
781,782,35.0,112.0,114.0,610.9142857142857
782,783,18.0,119.0,119.0,430.3333333333333
783,784,23.0,115.0,118.0,570.6086956521739
784,785,21.0,106.0,114.0,424.42857142857144
785,786,26.0,112.0,119.0,433.88461538461536
786,787,22.0,108.0,118.0,569.2727272727273
787,788,24.0,112.0,117.0,490.75
788,789,29.0,116.0,117.0,599.4137931034483
789,790,25.0,99.0,109.0,446.56
790,791,26.0,117.0,119.0,445.7307692307692
791,792,24.0,115.0,117.0,482.25
792,793,36.0,120.0,120.0,491.05555555555554
793,794,23.0,118.0,118.0,675.8695652173913
794,795,27.0,119.0,119.0,396.85185185185185
795,796,13.0,114.0,120.0,422.0
796,797,26.0,118.0,120.0,594.1538461538462
797,798,22.0,120.0,120.0,507.09090909090907
798,799,29.0,120.0,120.0,509.82758620689657
799,800,25.0,119.0,120.0,475.2
800,801,17.0,111.0,120.0,470.88235294117646
801,802,19.0,115.0,119.0,534.0526315789474
802,803,15.0,103.0,109.0,494.6666666666667
803,804,27.0,103.0,110.0,481.81481481481484
804,805,28.0,114.0,117.0,575.9285714285714
805,806,30.0,112.0,117.0,455.7
806,807,23.0,103.0,117.0,492.5217391304348
807,808,25.0,120.0,120.0,440.32
808,809,27.0,118.0,120.0,349.3703703703704
809,810,17.0,110.0,111.0,566.7058823529412
810,811,20.0,107.0,113.0,474.9
811,812,24.0,105.0,112.0,492.4583333333333
812,813,28.0,109.0,114.0,399.39285714285717
813,814,25.0,104.0,107.0,571.64
814,815,28.0,118.0,120.0,538.7857142857143
815,816,24.0,106.0,108.0,371.375
816,817,22.0,110.0,116.0,435.95454545454544
817,818,23.0,112.0,112.0,459.2608695652174
818,819,29.0,120.0,120.0,546.1724137931035
819,820,25.0,115.0,118.0,540.44
820,821,24.0,111.0,119.0,445.4583333333333
821,822,22.0,111.0,115.0,477.0
822,823,26.0,108.0,114.0,570.9230769230769
823,824,31.0,118.0,120.0,520.258064516129
824,825,23.0,116.0,117.0,473.95652173913044
825,826,25.0,116.0,118.0,408.68
826,827,21.0,115.0,118.0,598.7619047619048
827,828,24.0,104.0,110.0,457.8333333333333
828,829,25.0,119.0,119.0,504.84
829,830,16.0,116.0,120.0,391.25
830,831,23.0,113.0,119.0,540.304347826087
831,832,24.0,116.0,117.0,587.6666666666666
832,833,26.0,104.0,115.0,621.2307692307693
833,834,26.0,115.0,115.0,584.8461538461538
834,835,31.0,118.0,120.0,546.6774193548387
835,836,25.0,98.0,100.0,562.08
836,837,25.0,107.0,114.0,483.28
837,838,23.0,114.0,120.0,612.6521739130435
838,839,28.0,105.0,116.0,514.1428571428571
839,840,22.0,115.0,116.0,402.0
840,841,24.0,111.0,114.0,416.5833333333333
841,842,30.0,116.0,118.0,529.7
842,843,23.0,106.0,106.0,516.2173913043479
843,844,20.0,117.0,119.0,519.8
844,845,31.0,115.0,115.0,577.1612903225806
845,846,18.0,106.0,113.0,493.94444444444446
846,847,35.0,114.0,114.0,500.2
847,848,21.0,106.0,110.0,561.7142857142857
848,849,29.0,118.0,119.0,541.6896551724138
849,850,16.0,98.0,115.0,473.625
850,851,27.0,110.0,116.0,387.14814814814815
851,852,33.0,118.0,118.0,443.24242424242425
852,853,28.0,111.0,119.0,477.14285714285717
853,854,31.0,105.0,118.0,580.516129032258
854,855,31.0,118.0,120.0,457.3225806451613
855,856,28.0,110.0,110.0,591.8214285714286
856,857,34.0,98.0,110.0,480.2352941176471
857,858,24.0,114.0,117.0,538.3333333333334
858,859,38.0,113.0,114.0,558.4736842105264
859,860,30.0,117.0,119.0,450.5
860,861,28.0,99.0,102.0,517.75
861,862,25.0,116.0,116.0,484.8
862,863,24.0,113.0,120.0,585.0416666666666
863,864,25.0,108.0,118.0,528.32
864,865,32.0,119.0,120.0,514.8125
865,866,21.0,98.0,111.0,477.85714285714283
866,867,31.0,120.0,120.0,492.258064516129
867,868,26.0,117.0,120.0,475.65384615384613
868,869,18.0,106.0,112.0,463.94444444444446
869,870,24.0,113.0,119.0,485.875
870,871,26.0,115.0,115.0,559.5384615384615
871,872,21.0,119.0,120.0,529.0952380952381
872,873,28.0,119.0,119.0,408.64285714285717
873,874,24.0,116.0,119.0,513.875
874,875,24.0,101.0,106.0,471.1666666666667
875,876,23.0,115.0,119.0,532.3913043478261
876,877,26.0,106.0,115.0,429.84615384615387
877,878,26.0,107.0,113.0,453.03846153846155
878,879,27.0,108.0,112.0,399.8888888888889
879,880,29.0,104.0,107.0,518.7931034482758
880,881,32.0,110.0,116.0,533.6875
881,882,27.0,113.0,117.0,488.0
882,883,28.0,119.0,119.0,527.0714285714286
883,884,19.0,116.0,120.0,507.05263157894734
884,885,29.0,109.0,109.0,506.2413793103448
885,886,25.0,110.0,111.0,465.84
886,887,21.0,118.0,120.0,608.4761904761905
887,888,29.0,115.0,115.0,503.2068965517241
888,889,20.0,117.0,117.0,594.3
889,890,20.0,87.0,106.0,522.0
890,891,21.0,93.0,120.0,432.57142857142856
891,892,20.0,112.0,118.0,534.75
892,893,23.0,120.0,120.0,511.4782608695652
893,894,22.0,120.0,120.0,433.3636363636364
894,895,25.0,105.0,113.0,535.72
895,896,27.0,118.0,118.0,554.1481481481482
896,897,21.0,105.0,107.0,404.6666666666667
897,898,29.0,107.0,116.0,500.1034482758621
898,899,27.0,120.0,120.0,539.074074074074
899,900,32.0,113.0,114.0,497.6875
900,901,26.0,116.0,117.0,556.6923076923077
901,902,27.0,119.0,119.0,425.3703703703704
902,903,26.0,117.0,117.0,480.65384615384613
903,904,24.0,109.0,115.0,465.2916666666667
904,905,24.0,111.0,117.0,561.0
905,906,21.0,116.0,119.0,516.6666666666666
906,907,27.0,105.0,116.0,504.44444444444446
907,908,32.0,117.0,118.0,598.28125
908,909,31.0,113.0,117.0,479.64516129032256
909,910,25.0,114.0,119.0,569.6
910,911,16.0,93.0,108.0,418.0
911,912,22.0,109.0,111.0,555.9545454545455
912,913,22.0,113.0,117.0,424.1363636363636
913,914,19.0,112.0,119.0,655.0526315789474
914,915,22.0,116.0,120.0,492.1363636363636
915,916,30.0,118.0,118.0,470.26666666666665
916,917,28.0,113.0,120.0,498.82142857142856
917,918,24.0,107.0,107.0,440.3333333333333
918,919,24.0,115.0,120.0,462.5
919,920,32.0,113.0,113.0,567.46875
920,921,23.0,112.0,116.0,519.5217391304348
921,922,35.0,110.0,111.0,537.0571428571428
922,923,31.0,118.0,119.0,545.1290322580645
923,924,25.0,114.0,116.0,538.28
924,925,33.0,119.0,119.0,440.3636363636364
925,926,31.0,113.0,118.0,578.8709677419355
926,927,31.0,103.0,109.0,408.06451612903226
927,928,35.0,119.0,120.0,560.2285714285714
928,929,14.0,111.0,113.0,505.57142857142856
929,930,24.0,111.0,115.0,574.375
930,931,25.0,107.0,109.0,485.8
931,932,23.0,118.0,120.0,425.4782608695652
932,933,24.0,116.0,119.0,567.625
933,934,30.0,111.0,118.0,427.8333333333333
934,935,34.0,119.0,119.0,592.7941176470588
935,936,22.0,113.0,120.0,566.7272727272727
936,937,25.0,120.0,120.0,434.52
937,938,27.0,116.0,117.0,533.5555555555555
938,939,22.0,114.0,118.0,562.1363636363636
939,940,33.0,105.0,110.0,523.030303030303
940,941,29.0,114.0,119.0,426.6551724137931
941,942,22.0,112.0,118.0,412.6363636363636
942,943,24.0,119.0,120.0,445.6666666666667
943,944,28.0,90.0,115.0,453.39285714285717
944,945,24.0,114.0,119.0,462.25
945,946,22.0,113.0,120.0,551.1818181818181
946,947,19.0,114.0,116.0,617.8947368421053
947,948,23.0,117.0,117.0,545.5652173913044
948,949,28.0,108.0,112.0,509.39285714285717
949,950,16.0,102.0,111.0,566.1875
950,951,21.0,95.0,114.0,326.8095238095238
951,952,31.0,114.0,120.0,510.61290322580646
952,953,23.0,113.0,119.0,522.3478260869565
953,954,22.0,115.0,120.0,526.4090909090909
954,955,25.0,110.0,119.0,567.72
955,956,25.0,102.0,105.0,516.84
956,957,28.0,116.0,120.0,499.07142857142856
957,958,22.0,108.0,119.0,468.09090909090907
958,959,25.0,114.0,115.0,551.04
959,960,26.0,103.0,110.0,555.8846153846154
960,961,31.0,112.0,113.0,509.3225806451613
961,962,31.0,111.0,120.0,507.5483870967742
962,963,25.0,106.0,109.0,458.12
963,964,26.0,109.0,119.0,579.0
964,965,22.0,109.0,119.0,438.0
965,966,24.0,117.0,118.0,535.2916666666666
966,967,21.0,114.0,115.0,430.3333333333333
967,968,25.0,119.0,119.0,497.6
968,969,22.0,109.0,111.0,463.6363636363636
969,970,32.0,111.0,119.0,500.21875
970,971,24.0,118.0,120.0,560.25
971,972,20.0,114.0,120.0,488.05
972,973,23.0,116.0,116.0,588.695652173913
973,974,30.0,119.0,120.0,463.3333333333333
974,975,26.0,107.0,107.0,450.46153846153845
975,976,21.0,119.0,119.0,443.3809523809524
976,977,23.0,117.0,119.0,523.2173913043479
977,978,25.0,118.0,119.0,537.04
978,979,20.0,111.0,118.0,464.4
979,980,25.0,118.0,119.0,455.12
980,981,31.0,116.0,116.0,438.258064516129
981,982,24.0,108.0,114.0,406.7083333333333
982,983,25.0,112.0,116.0,534.72
983,984,26.0,108.0,119.0,448.2692307692308
984,985,24.0,111.0,113.0,437.125
985,986,22.0,118.0,120.0,563.7727272727273
986,987,29.0,112.0,118.0,529.9655172413793
987,988,32.0,117.0,117.0,496.71875
988,989,26.0,112.0,114.0,506.2692307692308
989,990,22.0,113.0,113.0,480.1363636363636
990,991,24.0,117.0,119.0,410.625
991,992,18.0,114.0,114.0,514.5555555555555
992,993,24.0,96.0,115.0,468.6666666666667
993,994,34.0,103.0,116.0,450.61764705882354
994,995,21.0,79.0,117.0,442.6190476190476
995,996,21.0,111.0,111.0,431.04761904761904
996,997,32.0,114.0,114.0,544.6875
997,998,24.0,114.0,120.0,501.4166666666667
998,999,23.0,110.0,120.0,477.4782608695652
999,1000,26.0,108.0,108.0,468.6923076923077
1000,1001,19.0,103.0,118.0,693.8947368421053
1001,1002,23.0,113.0,120.0,437.0
1002,1003,21.0,104.0,109.0,503.14285714285717
1003,1004,21.0,114.0,119.0,479.4761904761905
1004,1005,22.0,108.0,118.0,421.54545454545456
1005,1006,38.0,118.0,120.0,474.05263157894734
1006,1007,27.0,113.0,118.0,511.5925925925926
1007,1008,29.0,117.0,117.0,493.37931034482756
1008,1009,34.0,116.0,117.0,485.79411764705884
1009,1010,31.0,115.0,116.0,480.5483870967742
1010,1011,23.0,110.0,114.0,491.69565217391306
1011,1012,19.0,111.0,118.0,438.42105263157896
1012,1013,27.0,116.0,120.0,537.9629629629629
1013,1014,32.0,115.0,119.0,394.78125
1014,1015,22.0,102.0,115.0,435.40909090909093
1015,1016,31.0,111.0,111.0,436.16129032258067
1016,1017,27.0,107.0,119.0,497.6296296296296
1017,1018,32.0,106.0,106.0,513.53125
1018,1019,26.0,115.0,116.0,514.7692307692307
1019,1020,27.0,111.0,119.0,415.5925925925926
1020,1021,25.0,116.0,120.0,371.72
1021,1022,19.0,116.0,119.0,552.1578947368421
1022,1023,22.0,108.0,120.0,514.5454545454545
1023,1024,27.0,117.0,118.0,447.4074074074074
1024,1025,26.0,112.0,116.0,509.0769230769231
1025,1026,32.0,119.0,119.0,514.3125
1026,1027,28.0,119.0,120.0,524.25
1027,1028,20.0,111.0,120.0,435.3
1028,1029,31.0,111.0,111.0,466.741935483871
1029,1030,20.0,120.0,120.0,509.55
1030,1031,27.0,114.0,114.0,516.7407407407408
1031,1032,29.0,120.0,120.0,386.7241379310345
1032,1033,19.0,103.0,107.0,402.5263157894737
1033,1034,24.0,103.0,109.0,450.75
1034,1035,29.0,106.0,106.0,429.3103448275862
1035,1036,30.0,117.0,117.0,579.6
1036,1037,21.0,109.0,110.0,438.2857142857143
1037,1038,22.0,119.0,119.0,557.2272727272727
1038,1039,27.0,114.0,117.0,587.6296296296297
1039,1040,21.0,101.0,101.0,520.2857142857143
1040,1041,31.0,116.0,119.0,513.6774193548387
1041,1042,32.0,111.0,113.0,424.25
1042,1043,19.0,108.0,112.0,499.5263157894737
1043,1044,21.0,115.0,119.0,514.4761904761905
1044,1045,29.0,118.0,120.0,470.58620689655174
1045,1046,21.0,114.0,119.0,457.8095238095238
1046,1047,23.0,101.0,111.0,501.2608695652174
1047,1048,20.0,107.0,109.0,498.45
1048,1049,18.0,118.0,120.0,514.8888888888889
1049,1050,20.0,109.0,109.0,490.35
1050,1051,21.0,116.0,119.0,506.76190476190476
1051,1052,18.0,96.0,106.0,567.2777777777778
1052,1053,24.0,109.0,120.0,448.5416666666667
1053,1054,27.0,119.0,120.0,508.9259259259259
1054,1055,25.0,119.0,119.0,483.52
1055,1056,22.0,115.0,115.0,511.54545454545456
1056,1057,18.0,112.0,115.0,480.0
1057,1058,17.0,107.0,113.0,414.7647058823529
1058,1059,27.0,118.0,118.0,441.5925925925926
1059,1060,27.0,112.0,119.0,535.7037037037037
1060,1061,31.0,113.0,115.0,554.6451612903226
1061,1062,25.0,119.0,120.0,491.36
1062,1063,28.0,115.0,119.0,507.07142857142856
1063,1064,22.0,115.0,119.0,476.1818181818182
1064,1065,23.0,114.0,118.0,508.04347826086956
1065,1066,23.0,116.0,117.0,504.69565217391306
1066,1067,30.0,107.0,120.0,486.1333333333333
1067,1068,20.0,105.0,108.0,535.7
1068,1069,21.0,114.0,119.0,547.0952380952381
1069,1070,24.0,110.0,114.0,507.7916666666667
1070,1071,32.0,104.0,113.0,482.40625
1071,1072,38.0,113.0,115.0,514.1052631578947
1072,1073,22.0,114.0,117.0,492.6818181818182
1073,1074,23.0,119.0,119.0,553.7826086956521
1074,1075,35.0,113.0,120.0,502.8
1075,1076,24.0,116.0,120.0,533.6666666666666
1076,1077,22.0,117.0,119.0,443.6818181818182
1077,1078,31.0,116.0,120.0,526.2258064516129
1078,1079,26.0,111.0,119.0,585.0769230769231
1079,1080,19.0,115.0,118.0,560.2631578947369
1080,1081,18.0,106.0,107.0,335.22222222222223
1081,1082,13.0,109.0,114.0,577.3076923076923
1082,1083,27.0,112.0,113.0,476.1111111111111
1083,1084,21.0,111.0,115.0,531.1428571428571
1084,1085,25.0,113.0,118.0,422.88
1085,1086,18.0,113.0,119.0,465.72222222222223
1086,1087,22.0,115.0,120.0,476.77272727272725
1087,1088,29.0,107.0,117.0,403.82758620689657
1088,1089,36.0,115.0,115.0,438.5833333333333
1089,1090,22.0,112.0,119.0,637.5
1090,1091,35.0,118.0,120.0,460.4
1091,1092,22.0,107.0,108.0,476.95454545454544
1092,1093,26.0,109.0,114.0,542.3076923076923
1093,1094,23.0,104.0,104.0,486.30434782608694
1094,1095,26.0,114.0,118.0,485.88461538461536
1095,1096,32.0,112.0,115.0,493.125
1096,1097,30.0,108.0,115.0,602.2
1097,1098,25.0,103.0,112.0,570.28
1098,1099,31.0,112.0,118.0,563.3870967741935
1099,1100,36.0,119.0,119.0,589.9166666666666
1100,1101,20.0,114.0,116.0,584.4
1101,1102,24.0,108.0,119.0,471.875
1102,1103,28.0,104.0,115.0,519.9285714285714
1103,1104,21.0,115.0,115.0,447.3809523809524
1104,1105,16.0,113.0,119.0,494.1875
1105,1106,22.0,117.0,118.0,496.6363636363636
1106,1107,28.0,118.0,120.0,478.42857142857144
1107,1108,29.0,118.0,118.0,483.3103448275862
1108,1109,22.0,108.0,116.0,547.5454545454545
1109,1110,26.0,109.0,109.0,464.7307692307692
1110,1111,23.0,109.0,119.0,418.9130434782609
1111,1112,20.0,113.0,117.0,520.45
1112,1113,26.0,113.0,116.0,503.2692307692308
1113,1114,24.0,120.0,120.0,489.2083333333333
1114,1115,24.0,116.0,119.0,478.0833333333333
1115,1116,28.0,119.0,119.0,536.0
1116,1117,24.0,119.0,119.0,572.625
1117,1118,28.0,120.0,120.0,510.82142857142856
1118,1119,29.0,117.0,120.0,573.1379310344828
1119,1120,17.0,117.0,118.0,507.5882352941176
1120,1121,23.0,117.0,117.0,494.0
1121,1122,21.0,109.0,112.0,457.7142857142857
1122,1123,27.0,113.0,116.0,478.6666666666667
1123,1124,25.0,118.0,119.0,434.8
1124,1125,35.0,114.0,115.0,502.6857142857143
1125,1126,16.0,112.0,117.0,433.375
1126,1127,14.0,89.0,99.0,452.92857142857144
1127,1128,28.0,115.0,115.0,498.25
1128,1129,25.0,116.0,118.0,434.68
1129,1130,23.0,116.0,120.0,559.0
1130,1131,23.0,116.0,118.0,493.30434782608694
1131,1132,27.0,120.0,120.0,413.0740740740741
1132,1133,26.0,117.0,119.0,550.7307692307693
1133,1134,27.0,116.0,120.0,507.037037037037
1134,1135,20.0,116.0,119.0,580.25
1135,1136,18.0,103.0,115.0,462.1111111111111
1136,1137,24.0,119.0,120.0,468.6666666666667
1137,1138,25.0,116.0,117.0,450.52
1138,1139,24.0,117.0,119.0,608.4166666666666
1139,1140,20.0,115.0,116.0,578.6
1140,1141,29.0,116.0,120.0,526.9655172413793
1141,1142,25.0,114.0,120.0,514.92
1142,1143,22.0,111.0,112.0,544.5454545454545
1143,1144,26.0,113.0,118.0,634.1538461538462
1144,1145,25.0,112.0,113.0,615.16
1145,1146,20.0,111.0,116.0,504.65
1146,1147,30.0,108.0,112.0,500.8333333333333
1147,1148,27.0,112.0,120.0,548.7777777777778
1148,1149,28.0,106.0,117.0,492.57142857142856
1149,1150,24.0,114.0,115.0,424.1666666666667
1150,1151,20.0,108.0,115.0,619.15
1151,1152,27.0,118.0,120.0,572.8148148148148
1152,1153,26.0,119.0,120.0,542.3461538461538
1153,1154,29.0,107.0,115.0,596.7586206896551
1154,1155,15.0,117.0,120.0,492.0
1155,1156,22.0,119.0,119.0,515.5909090909091
1156,1157,23.0,102.0,110.0,480.9130434782609
1157,1158,24.0,117.0,119.0,436.1666666666667
1158,1159,28.0,111.0,118.0,522.3214285714286
1159,1160,16.0,120.0,120.0,572.625
1160,1161,28.0,110.0,115.0,537.2142857142857
1161,1162,23.0,111.0,118.0,516.7826086956521
1162,1163,29.0,108.0,117.0,482.2068965517241
1163,1164,27.0,118.0,119.0,506.77777777777777
1164,1165,27.0,118.0,120.0,440.77777777777777
1165,1166,31.0,118.0,118.0,447.7741935483871
1166,1167,25.0,107.0,109.0,396.96
1167,1168,20.0,117.0,118.0,526.9
1168,1169,31.0,111.0,120.0,545.3548387096774
1169,1170,21.0,111.0,111.0,511.3333333333333
1170,1171,16.0,108.0,113.0,454.875
1171,1172,23.0,111.0,112.0,445.1304347826087
1172,1173,25.0,113.0,113.0,512.48
1173,1174,22.0,105.0,109.0,679.5909090909091
1174,1175,26.0,103.0,104.0,552.6923076923077
1175,1176,28.0,118.0,118.0,502.14285714285717
1176,1177,28.0,114.0,118.0,456.39285714285717
1177,1178,27.0,113.0,119.0,425.6296296296296
1178,1179,30.0,111.0,115.0,449.93333333333334
1179,1180,27.0,110.0,119.0,492.18518518518516
1180,1181,29.0,116.0,119.0,476.3448275862069
1181,1182,19.0,97.0,98.0,519.578947368421
1182,1183,23.0,110.0,118.0,472.3478260869565
1183,1184,27.0,117.0,117.0,480.14814814814815
1184,1185,26.0,115.0,117.0,378.65384615384613
1185,1186,26.0,119.0,119.0,497.11538461538464
1186,1187,22.0,120.0,120.0,482.90909090909093
1187,1188,26.0,118.0,119.0,511.53846153846155
1188,1189,24.0,105.0,119.0,461.7083333333333
1189,1190,22.0,109.0,116.0,398.90909090909093
1190,1191,20.0,117.0,119.0,457.8
1191,1192,33.0,109.0,120.0,424.969696969697
1192,1193,26.0,116.0,120.0,444.38461538461536
1193,1194,25.0,113.0,115.0,459.84
1194,1195,18.0,114.0,114.0,487.05555555555554
1195,1196,21.0,116.0,118.0,514.8095238095239
1196,1197,30.0,115.0,120.0,494.26666666666665
1197,1198,27.0,118.0,118.0,517.2962962962963
1198,1199,31.0,111.0,111.0,474.4516129032258
1199,1200,23.0,102.0,113.0,567.695652173913
1200,1201,28.0,118.0,119.0,553.4642857142857
1201,1202,19.0,109.0,120.0,603.2631578947369
1202,1203,22.0,108.0,110.0,539.5909090909091
1203,1204,26.0,107.0,120.0,573.6923076923077
1204,1205,22.0,110.0,112.0,436.95454545454544
1205,1206,37.0,119.0,120.0,442.9189189189189
1206,1207,32.0,112.0,116.0,521.0
1207,1208,25.0,119.0,119.0,419.96
1208,1209,20.0,109.0,112.0,468.95
1209,1210,15.0,108.0,108.0,396.3333333333333
1210,1211,18.0,119.0,119.0,435.5
1211,1212,25.0,115.0,119.0,431.84
1212,1213,27.0,119.0,119.0,494.3333333333333
1213,1214,22.0,110.0,114.0,467.40909090909093
1214,1215,27.0,105.0,110.0,564.1111111111111
1215,1216,21.0,117.0,120.0,526.2857142857143
1216,1217,23.0,118.0,118.0,531.5652173913044
1217,1218,26.0,112.0,120.0,441.96153846153845
1218,1219,33.0,111.0,120.0,522.3030303030303
1219,1220,25.0,114.0,119.0,471.92
1220,1221,21.0,108.0,112.0,510.23809523809524
1221,1222,26.0,117.0,117.0,467.3076923076923
1222,1223,22.0,111.0,112.0,530.4090909090909
1223,1224,33.0,118.0,118.0,422.93939393939394
1224,1225,25.0,120.0,120.0,531.2
1225,1226,18.0,113.0,114.0,496.22222222222223
1226,1227,24.0,112.0,114.0,427.2916666666667
1227,1228,24.0,109.0,117.0,457.2083333333333
1228,1229,31.0,120.0,120.0,492.0
1229,1230,22.0,106.0,108.0,414.04545454545456
1230,1231,26.0,104.0,111.0,454.2307692307692
1231,1232,24.0,111.0,117.0,574.9583333333334
1232,1233,32.0,120.0,120.0,580.59375
1233,1234,28.0,120.0,120.0,540.8571428571429
1234,1235,19.0,116.0,118.0,450.10526315789474
1235,1236,24.0,115.0,117.0,522.25
1236,1237,27.0,93.0,116.0,456.0740740740741
1237,1238,23.0,112.0,113.0,452.7826086956522
1238,1239,27.0,118.0,118.0,500.85185185185185
1239,1240,24.0,111.0,115.0,473.1666666666667
1240,1241,23.0,118.0,118.0,464.17391304347825
1241,1242,30.0,116.0,118.0,504.6333333333333
1242,1243,25.0,111.0,120.0,497.12
1243,1244,25.0,113.0,115.0,479.32
1244,1245,25.0,113.0,114.0,532.24
1245,1246,21.0,111.0,111.0,449.0
1246,1247,29.0,113.0,116.0,523.4827586206897
1247,1248,25.0,119.0,120.0,499.64
1248,1249,17.0,115.0,117.0,420.70588235294116
1249,1250,31.0,116.0,117.0,543.741935483871
1250,1251,24.0,117.0,120.0,457.625
1251,1252,29.0,115.0,120.0,475.37931034482756
1252,1253,25.0,115.0,119.0,407.24
1253,1254,22.0,118.0,119.0,583.5454545454545
1254,1255,26.0,104.0,115.0,389.0769230769231
1255,1256,31.0,116.0,117.0,543.3548387096774
1256,1257,22.0,112.0,116.0,506.5
1257,1258,19.0,111.0,118.0,606.0526315789474
1258,1259,26.0,108.0,109.0,562.4615384615385
1259,1260,22.0,119.0,120.0,499.1818181818182
1260,1261,24.0,114.0,119.0,442.25
1261,1262,19.0,118.0,120.0,429.42105263157896
1262,1263,30.0,120.0,120.0,484.1666666666667
1263,1264,21.0,118.0,118.0,541.952380952381
1264,1265,30.0,120.0,120.0,542.0666666666667
1265,1266,24.0,115.0,118.0,508.0833333333333
1266,1267,25.0,110.0,119.0,505.28
1267,1268,21.0,116.0,118.0,490.3809523809524
1268,1269,22.0,111.0,112.0,572.5909090909091
1269,1270,28.0,110.0,117.0,566.25
1270,1271,18.0,120.0,120.0,353.22222222222223
1271,1272,16.0,91.0,93.0,318.5625
1272,1273,22.0,116.0,119.0,437.27272727272725
1273,1274,27.0,108.0,115.0,530.7037037037037
1274,1275,23.0,96.0,103.0,522.8695652173913
1275,1276,25.0,115.0,119.0,531.76
1276,1277,26.0,110.0,113.0,566.3461538461538
1277,1278,29.0,117.0,119.0,555.3793103448276
1278,1279,32.0,120.0,120.0,572.65625
1279,1280,24.0,112.0,115.0,541.9166666666666
1280,1281,22.0,119.0,120.0,501.45454545454544
1281,1282,18.0,118.0,118.0,463.5
1282,1283,30.0,119.0,120.0,398.6333333333333
1283,1284,27.0,113.0,114.0,483.0
1284,1285,32.0,111.0,117.0,519.21875
1285,1286,37.0,112.0,115.0,494.35135135135135
1286,1287,30.0,120.0,120.0,474.56666666666666
1287,1288,24.0,119.0,120.0,477.2916666666667
1288,1289,24.0,114.0,115.0,441.5416666666667
1289,1290,24.0,115.0,115.0,519.375
1290,1291,24.0,105.0,117.0,495.625
1291,1292,31.0,110.0,117.0,471.741935483871
1292,1293,27.0,118.0,120.0,455.6666666666667
1293,1294,20.0,113.0,118.0,486.3
1294,1295,32.0,118.0,119.0,537.28125
1295,1296,23.0,113.0,118.0,438.30434782608694
1296,1297,24.0,116.0,118.0,463.9166666666667
1297,1298,19.0,101.0,114.0,485.36842105263156
1298,1299,25.0,114.0,116.0,526.28
1299,1300,19.0,108.0,111.0,397.0
1300,1301,27.0,117.0,117.0,443.77777777777777
1301,1302,34.0,116.0,117.0,564.1176470588235
1302,1303,26.0,117.0,119.0,356.5769230769231
1303,1304,20.0,109.0,119.0,514.0
1304,1305,26.0,117.0,119.0,512.1923076923077
1305,1306,23.0,113.0,115.0,533.1739130434783
1306,1307,29.0,120.0,120.0,493.0344827586207
1307,1308,25.0,113.0,119.0,438.0
1308,1309,25.0,113.0,115.0,557.16
1309,1310,21.0,109.0,110.0,444.6190476190476
1310,1311,20.0,115.0,119.0,530.05
1311,1312,27.0,119.0,119.0,514.5185185185185
1312,1313,18.0,93.0,99.0,623.2222222222222
1313,1314,22.0,112.0,118.0,511.22727272727275
1314,1315,39.0,118.0,119.0,460.0
1315,1316,26.0,111.0,120.0,440.7307692307692
1316,1317,33.0,110.0,118.0,469.54545454545456
1317,1318,28.0,116.0,117.0,449.7857142857143
1318,1319,24.0,114.0,115.0,441.6666666666667
1319,1320,24.0,118.0,118.0,491.9583333333333
1320,1321,28.0,116.0,120.0,461.07142857142856
1321,1322,31.0,120.0,120.0,492.64516129032256
1322,1323,22.0,110.0,116.0,555.1363636363636
1323,1324,27.0,119.0,120.0,504.4074074074074
1324,1325,18.0,114.0,115.0,447.3888888888889
1325,1326,24.0,118.0,119.0,592.875
1326,1327,27.0,104.0,120.0,491.74074074074076
1327,1328,26.0,113.0,119.0,570.1153846153846
1328,1329,21.0,116.0,119.0,424.04761904761904
1329,1330,31.0,116.0,119.0,501.7741935483871
1330,1331,19.0,100.0,120.0,534.5263157894736
1331,1332,26.0,112.0,117.0,382.6923076923077
1332,1333,29.0,99.0,115.0,543.9310344827586
1333,1334,34.0,116.0,116.0,434.6764705882353
1334,1335,24.0,113.0,114.0,477.5
1335,1336,22.0,115.0,118.0,451.59090909090907
1336,1337,26.0,117.0,120.0,571.6923076923077
1337,1338,21.0,109.0,114.0,463.5238095238095
1338,1339,25.0,116.0,117.0,449.24
1339,1340,18.0,99.0,106.0,500.22222222222223
1340,1341,27.0,115.0,117.0,519.4074074074074
1341,1342,24.0,115.0,115.0,423.0416666666667
1342,1343,18.0,99.0,107.0,398.72222222222223
1343,1344,22.0,108.0,116.0,466.5
1344,1345,27.0,118.0,119.0,491.8888888888889
1345,1346,19.0,112.0,120.0,555.421052631579
1346,1347,19.0,108.0,117.0,529.0526315789474
1347,1348,26.0,113.0,118.0,526.9615384615385
1348,1349,20.0,110.0,119.0,467.7
1349,1350,30.0,117.0,120.0,471.43333333333334
1350,1351,21.0,114.0,115.0,619.047619047619
1351,1352,23.0,107.0,117.0,540.2173913043479
1352,1353,27.0,113.0,113.0,580.8888888888889
1353,1354,19.0,118.0,119.0,568.0526315789474
1354,1355,21.0,120.0,120.0,455.95238095238096
1355,1356,27.0,110.0,110.0,460.9259259259259
1356,1357,24.0,106.0,108.0,483.125
1357,1358,28.0,103.0,108.0,445.89285714285717
1358,1359,22.0,118.0,120.0,552.0454545454545
1359,1360,26.0,118.0,119.0,479.6923076923077
1360,1361,27.0,112.0,112.0,466.4074074074074
1361,1362,18.0,111.0,118.0,524.3333333333334
1362,1363,24.0,113.0,113.0,463.4166666666667
1363,1364,16.0,97.0,114.0,468.9375
1364,1365,21.0,120.0,120.0,576.5714285714286
1365,1366,21.0,120.0,120.0,442.3333333333333
1366,1367,24.0,116.0,120.0,448.6666666666667
1367,1368,24.0,108.0,119.0,493.0833333333333
1368,1369,21.0,111.0,112.0,529.4761904761905
1369,1370,29.0,115.0,120.0,567.8620689655172
1370,1371,20.0,107.0,108.0,449.75
1371,1372,27.0,111.0,113.0,501.14814814814815
1372,1373,27.0,113.0,119.0,542.925925925926
1373,1374,30.0,116.0,117.0,517.4
1374,1375,26.0,115.0,118.0,470.53846153846155
1375,1376,28.0,101.0,119.0,405.2857142857143
1376,1377,34.0,112.0,118.0,468.8235294117647
1377,1378,25.0,115.0,120.0,481.84
1378,1379,19.0,112.0,115.0,576.9473684210526
1379,1380,27.0,119.0,119.0,536.1851851851852
1380,1381,23.0,116.0,120.0,419.5217391304348
1381,1382,22.0,116.0,120.0,430.5
1382,1383,21.0,115.0,116.0,549.047619047619
1383,1384,27.0,111.0,112.0,511.18518518518516
1384,1385,22.0,106.0,106.0,527.4090909090909
1385,1386,21.0,112.0,113.0,503.4761904761905
1386,1387,24.0,118.0,119.0,446.375
1387,1388,26.0,115.0,117.0,556.4230769230769
1388,1389,23.0,114.0,117.0,462.2173913043478
1389,1390,24.0,113.0,118.0,546.375
1390,1391,30.0,105.0,109.0,460.8333333333333
1391,1392,27.0,109.0,110.0,621.6296296296297
1392,1393,32.0,120.0,120.0,456.15625
1393,1394,24.0,111.0,114.0,582.4166666666666
1394,1395,30.0,117.0,120.0,534.9666666666667
1395,1396,27.0,120.0,120.0,592.3333333333334
1396,1397,24.0,115.0,120.0,533.0833333333334
1397,1398,27.0,115.0,119.0,492.6296296296296
1398,1399,20.0,110.0,116.0,576.55
1399,1400,27.0,115.0,117.0,532.3703703703703
1400,1401,22.0,115.0,117.0,503.8636363636364
1401,1402,26.0,114.0,115.0,476.8076923076923
1402,1403,28.0,119.0,119.0,555.3214285714286
1403,1404,27.0,108.0,110.0,561.3333333333334
1404,1405,21.0,103.0,116.0,484.23809523809524
1405,1406,19.0,104.0,107.0,542.3157894736842
1406,1407,20.0,116.0,118.0,596.2
1407,1408,28.0,118.0,119.0,505.5357142857143
1408,1409,26.0,117.0,120.0,436.2307692307692
1409,1410,27.0,113.0,119.0,516.5925925925926
1410,1411,21.0,115.0,115.0,466.6190476190476
1411,1412,27.0,120.0,120.0,511.48148148148147
1412,1413,25.0,109.0,110.0,517.6
1413,1414,28.0,114.0,119.0,503.39285714285717
1414,1415,23.0,111.0,119.0,517.4347826086956
1415,1416,22.0,109.0,111.0,412.95454545454544
1416,1417,23.0,113.0,116.0,561.8695652173913
1417,1418,23.0,112.0,113.0,558.3478260869565
1418,1419,20.0,115.0,116.0,574.15
1419,1420,24.0,114.0,115.0,542.0416666666666
1420,1421,22.0,110.0,119.0,395.6818181818182
1421,1422,28.0,112.0,115.0,499.14285714285717
1422,1423,10.0,91.0,94.0,532.8
1423,1424,23.0,118.0,120.0,410.4782608695652
1424,1425,21.0,112.0,119.0,482.57142857142856
1425,1426,35.0,118.0,119.0,531.0857142857143
1426,1427,23.0,114.0,117.0,527.0869565217391
1427,1428,34.0,118.0,120.0,522.4117647058823
1428,1429,26.0,119.0,120.0,421.53846153846155
1429,1430,32.0,119.0,120.0,445.375
1430,1431,23.0,120.0,120.0,632.9565217391304
1431,1432,23.0,94.0,101.0,504.30434782608694
1432,1433,25.0,110.0,111.0,453.92
1433,1434,23.0,105.0,105.0,548.1304347826087
1434,1435,22.0,115.0,120.0,545.7727272727273
1435,1436,21.0,115.0,120.0,581.0
1436,1437,36.0,115.0,117.0,492.6388888888889
1437,1438,28.0,114.0,115.0,545.3928571428571
1438,1439,30.0,111.0,120.0,523.2666666666667
1439,1440,17.0,107.0,116.0,491.3529411764706
1440,1441,23.0,106.0,119.0,473.7826086956522
1441,1442,18.0,104.0,114.0,569.7777777777778
1442,1443,24.0,98.0,98.0,433.25
1443,1444,24.0,103.0,114.0,569.7916666666666
1444,1445,16.0,104.0,109.0,410.125
1445,1446,20.0,104.0,109.0,450.05
1446,1447,21.0,114.0,115.0,615.952380952381
1447,1448,27.0,118.0,118.0,490.44444444444446
1448,1449,24.0,106.0,117.0,431.2083333333333
1449,1450,22.0,112.0,117.0,626.4090909090909
1450,1451,29.0,111.0,114.0,475.55172413793105
1451,1452,18.0,116.0,116.0,567.8333333333334
1452,1453,28.0,109.0,116.0,558.8571428571429
1453,1454,27.0,118.0,118.0,507.3703703703704
1454,1455,21.0,115.0,116.0,512.3333333333334
1455,1456,23.0,100.0,114.0,518.7826086956521
1456,1457,25.0,120.0,120.0,514.88
1457,1458,26.0,100.0,119.0,549.6538461538462
1458,1459,22.0,107.0,114.0,459.6363636363636
1459,1460,35.0,119.0,120.0,469.9714285714286
1460,1461,29.0,111.0,112.0,500.7241379310345
1461,1462,23.0,117.0,118.0,466.17391304347825
1462,1463,24.0,118.0,118.0,521.2083333333334
1463,1464,22.0,103.0,109.0,478.8636363636364
1464,1465,26.0,117.0,118.0,424.38461538461536
1465,1466,22.0,112.0,120.0,562.0454545454545
1466,1467,27.0,102.0,118.0,612.4814814814815
1467,1468,29.0,117.0,119.0,582.7931034482758
1468,1469,25.0,118.0,120.0,524.2
1469,1470,26.0,107.0,114.0,534.3461538461538
1470,1471,26.0,116.0,120.0,510.2307692307692
1471,1472,24.0,118.0,118.0,489.2083333333333
1472,1473,24.0,118.0,120.0,574.6666666666666
1473,1474,27.0,117.0,120.0,342.18518518518516
1474,1475,28.0,117.0,119.0,590.3928571428571
1475,1476,16.0,105.0,118.0,525.125
1476,1477,24.0,117.0,120.0,509.375
1477,1478,31.0,114.0,119.0,418.741935483871
1478,1479,23.0,112.0,114.0,461.5652173913044
1479,1480,24.0,118.0,120.0,487.3333333333333
1480,1481,20.0,99.0,118.0,497.65
1481,1482,22.0,111.0,116.0,468.77272727272725
1482,1483,30.0,115.0,119.0,376.7
1483,1484,30.0,120.0,120.0,562.7333333333333
1484,1485,21.0,101.0,115.0,526.952380952381
1485,1486,29.0,115.0,116.0,456.6896551724138
1486,1487,25.0,114.0,114.0,484.64
1487,1488,22.0,113.0,114.0,526.1818181818181
1488,1489,23.0,117.0,120.0,541.7391304347826
1489,1490,20.0,115.0,115.0,491.15
1490,1491,27.0,117.0,117.0,447.22222222222223
1491,1492,26.0,119.0,119.0,554.5384615384615
1492,1493,22.0,119.0,119.0,427.22727272727275
1493,1494,27.0,119.0,120.0,509.81481481481484
1494,1495,34.0,113.0,120.0,507.05882352941177
1495,1496,32.0,118.0,120.0,591.0
1496,1497,32.0,119.0,119.0,589.125
1497,1498,29.0,117.0,119.0,493.1034482758621
1498,1499,20.0,111.0,111.0,510.9
1499,1500,27.0,104.0,112.0,474.6666666666667
1500,1501,17.0,119.0,119.0,551.9411764705883
1501,1502,27.0,117.0,117.0,483.6296296296296
1502,1503,27.0,113.0,114.0,511.9259259259259
1503,1504,21.0,109.0,109.0,483.4761904761905
1504,1505,22.0,110.0,113.0,528.4090909090909
1505,1506,31.0,110.0,120.0,497.80645161290323
1506,1507,24.0,115.0,116.0,497.375
1507,1508,29.0,115.0,118.0,526.3103448275862
1508,1509,36.0,115.0,120.0,554.2222222222222
1509,1510,26.0,111.0,113.0,536.5
1510,1511,21.0,112.0,116.0,584.952380952381
1511,1512,27.0,116.0,116.0,504.6296296296296
1512,1513,20.0,115.0,115.0,517.5
1513,1514,14.0,98.0,119.0,487.2857142857143
1514,1515,20.0,117.0,119.0,443.4
1515,1516,21.0,120.0,120.0,707.2857142857143
1516,1517,24.0,109.0,119.0,399.5
1517,1518,20.0,120.0,120.0,452.55
1518,1519,26.0,119.0,119.0,497.61538461538464
1519,1520,33.0,117.0,117.0,476.45454545454544
1520,1521,24.0,116.0,116.0,562.6666666666666
1521,1522,25.0,116.0,119.0,483.24
1522,1523,34.0,116.0,117.0,415.29411764705884
1523,1524,27.0,119.0,120.0,568.5555555555555
1524,1525,24.0,114.0,118.0,536.5833333333334
1525,1526,18.0,89.0,115.0,509.77777777777777
1526,1527,24.0,112.0,118.0,552.9583333333334
1527,1528,31.0,113.0,114.0,469.16129032258067
1528,1529,24.0,117.0,117.0,520.8333333333334
1529,1530,28.0,119.0,120.0,503.85714285714283
1530,1531,21.0,110.0,115.0,625.6190476190476
1531,1532,23.0,117.0,120.0,513.1304347826087
1532,1533,24.0,112.0,120.0,586.2916666666666
1533,1534,28.0,111.0,120.0,545.5
1534,1535,21.0,112.0,120.0,580.7142857142857
1535,1536,22.0,118.0,118.0,473.8636363636364
1536,1537,31.0,119.0,119.0,574.5806451612904
1537,1538,21.0,104.0,115.0,581.5238095238095
1538,1539,24.0,107.0,110.0,524.375
1539,1540,23.0,107.0,112.0,518.1739130434783
1540,1541,28.0,120.0,120.0,589.1071428571429
1541,1542,31.0,115.0,120.0,484.96774193548384
1542,1543,20.0,111.0,116.0,495.05
1543,1544,22.0,99.0,117.0,482.1363636363636
1544,1545,26.0,119.0,119.0,540.3461538461538
1545,1546,28.0,113.0,115.0,487.92857142857144
1546,1547,28.0,112.0,114.0,436.39285714285717
1547,1548,25.0,119.0,120.0,549.56
1548,1549,28.0,118.0,120.0,520.6428571428571
1549,1550,22.0,94.0,94.0,457.6818181818182
1550,1551,22.0,118.0,118.0,439.1363636363636
1551,1552,23.0,111.0,116.0,465.7391304347826
1552,1553,21.0,105.0,111.0,553.3809523809524
1553,1554,38.0,116.0,120.0,455.7105263157895
1554,1555,22.0,110.0,115.0,369.8636363636364
1555,1556,27.0,108.0,119.0,440.5925925925926
1556,1557,31.0,116.0,118.0,614.0
1557,1558,19.0,108.0,120.0,385.7894736842105
1558,1559,24.0,116.0,118.0,535.2916666666666
1559,1560,23.0,113.0,117.0,532.8260869565217
1560,1561,30.0,110.0,110.0,613.4
1561,1562,31.0,113.0,118.0,512.3225806451613
1562,1563,27.0,115.0,120.0,461.25925925925924
1563,1564,28.0,120.0,120.0,444.0
1564,1565,31.0,119.0,119.0,456.5806451612903
1565,1566,23.0,116.0,116.0,544.7391304347826
1566,1567,14.0,97.0,102.0,435.64285714285717
1567,1568,32.0,115.0,119.0,430.09375
1568,1569,18.0,111.0,120.0,672.7777777777778
1569,1570,22.0,109.0,116.0,494.8181818181818
1570,1571,27.0,114.0,116.0,521.7407407407408
1571,1572,22.0,115.0,115.0,525.5454545454545
1572,1573,27.0,120.0,120.0,360.25925925925924
1573,1574,22.0,114.0,116.0,495.40909090909093
1574,1575,18.0,113.0,119.0,539.3888888888889
1575,1576,20.0,107.0,111.0,439.05
1576,1577,25.0,112.0,117.0,481.12
1577,1578,27.0,113.0,116.0,613.6666666666666
1578,1579,22.0,118.0,119.0,494.22727272727275
1579,1580,24.0,120.0,120.0,561.5833333333334
1580,1581,25.0,118.0,118.0,571.92
1581,1582,25.0,106.0,108.0,395.6
1582,1583,19.0,106.0,112.0,531.7368421052631
1583,1584,23.0,117.0,120.0,517.4347826086956
1584,1585,31.0,118.0,120.0,523.0645161290323
1585,1586,25.0,112.0,120.0,562.8
1586,1587,26.0,111.0,111.0,546.6538461538462
1587,1588,26.0,119.0,119.0,528.4615384615385
1588,1589,26.0,107.0,109.0,515.8846153846154
1589,1590,21.0,116.0,117.0,511.4761904761905
1590,1591,22.0,113.0,116.0,550.9545454545455
1591,1592,30.0,113.0,118.0,474.4
1592,1593,29.0,116.0,116.0,588.1034482758621
1593,1594,23.0,110.0,115.0,470.0869565217391
1594,1595,23.0,117.0,118.0,515.6521739130435
1595,1596,28.0,116.0,118.0,552.5714285714286
1596,1597,30.0,104.0,106.0,561.8
1597,1598,33.0,120.0,120.0,473.90909090909093
1598,1599,20.0,119.0,120.0,494.75
1599,1600,30.0,102.0,119.0,432.56666666666666
1600,1601,31.0,119.0,119.0,436.741935483871
1601,1602,26.0,120.0,120.0,476.5769230769231
1602,1603,30.0,114.0,119.0,504.8666666666667
1603,1604,23.0,115.0,119.0,487.5652173913044
1604,1605,21.0,110.0,111.0,509.0
1605,1606,25.0,117.0,118.0,545.8
1606,1607,20.0,116.0,117.0,403.9
1607,1608,39.0,117.0,118.0,416.0
1608,1609,17.0,115.0,116.0,386.2352941176471
1609,1610,22.0,110.0,115.0,565.1363636363636
1610,1611,31.0,113.0,114.0,493.93548387096774
1611,1612,32.0,117.0,118.0,516.78125
1612,1613,23.0,115.0,120.0,468.69565217391306
1613,1614,30.0,112.0,114.0,471.3
1614,1615,21.0,118.0,119.0,581.952380952381
1615,1616,23.0,108.0,110.0,486.4347826086956
1616,1617,26.0,119.0,119.0,490.03846153846155
1617,1618,20.0,107.0,120.0,525.95
1618,1619,25.0,112.0,113.0,493.12
1619,1620,10.0,96.0,117.0,290.1
1620,1621,24.0,111.0,113.0,479.125
1621,1622,23.0,114.0,114.0,482.95652173913044
1622,1623,32.0,117.0,120.0,456.4375
1623,1624,25.0,116.0,116.0,544.56
1624,1625,22.0,119.0,119.0,444.59090909090907
1625,1626,27.0,113.0,115.0,568.6666666666666
1626,1627,27.0,117.0,120.0,540.9629629629629
1627,1628,22.0,96.0,114.0,490.77272727272725
1628,1629,30.0,117.0,119.0,511.56666666666666
1629,1630,29.0,120.0,120.0,550.9310344827586
1630,1631,35.0,115.0,117.0,484.65714285714284
1631,1632,25.0,115.0,118.0,484.16
1632,1633,26.0,105.0,116.0,608.8846153846154
1633,1634,21.0,113.0,120.0,492.14285714285717
1634,1635,32.0,112.0,116.0,559.84375
1635,1636,25.0,113.0,120.0,484.4
1636,1637,26.0,112.0,116.0,445.9230769230769
1637,1638,22.0,112.0,118.0,355.95454545454544
1638,1639,30.0,119.0,120.0,612.4
1639,1640,33.0,117.0,117.0,482.1818181818182
1640,1641,29.0,109.0,120.0,452.6896551724138
1641,1642,20.0,116.0,117.0,419.05
1642,1643,28.0,112.0,116.0,406.7857142857143
1643,1644,26.0,118.0,118.0,419.03846153846155
1644,1645,26.0,117.0,118.0,517.6538461538462
1645,1646,22.0,110.0,113.0,583.5454545454545
1646,1647,18.0,116.0,120.0,502.8888888888889
1647,1648,29.0,118.0,118.0,620.1724137931035
1648,1649,28.0,117.0,119.0,658.4642857142857
1649,1650,25.0,115.0,119.0,484.12
1650,1651,26.0,106.0,107.0,522.5384615384615
1651,1652,25.0,108.0,118.0,499.16
1652,1653,29.0,116.0,116.0,486.48275862068965
1653,1654,23.0,111.0,114.0,466.30434782608694
1654,1655,23.0,105.0,118.0,406.3478260869565
1655,1656,25.0,112.0,115.0,562.4
1656,1657,19.0,115.0,118.0,483.05263157894734
1657,1658,29.0,114.0,114.0,539.1724137931035
1658,1659,21.0,114.0,118.0,465.8095238095238
1659,1660,21.0,115.0,117.0,428.6666666666667
1660,1661,23.0,115.0,120.0,478.7826086956522
1661,1662,23.0,110.0,119.0,487.39130434782606
1662,1663,25.0,109.0,114.0,492.2
1663,1664,28.0,118.0,120.0,465.82142857142856
1664,1665,24.0,119.0,120.0,563.0
1665,1666,21.0,107.0,113.0,598.2380952380952
1666,1667,26.0,120.0,120.0,476.03846153846155
1667,1668,14.0,114.0,118.0,590.9285714285714
1668,1669,26.0,120.0,120.0,501.2692307692308
1669,1670,29.0,117.0,120.0,575.8965517241379
1670,1671,26.0,104.0,113.0,426.0769230769231
1671,1672,27.0,114.0,116.0,534.5925925925926
1672,1673,24.0,112.0,119.0,518.0416666666666
1673,1674,21.0,100.0,117.0,465.0952380952381
1674,1675,20.0,112.0,119.0,533.05
1675,1676,31.0,116.0,119.0,591.2258064516129
1676,1677,22.0,108.0,108.0,480.90909090909093
1677,1678,25.0,109.0,113.0,549.44
1678,1679,23.0,111.0,118.0,488.60869565217394
1679,1680,23.0,110.0,112.0,456.5217391304348
1680,1681,29.0,120.0,120.0,557.2758620689655
1681,1682,29.0,119.0,120.0,437.3448275862069
1682,1683,27.0,113.0,118.0,536.4814814814815
1683,1684,24.0,102.0,108.0,498.7916666666667
1684,1685,25.0,112.0,116.0,443.6
1685,1686,34.0,110.0,113.0,477.61764705882354
1686,1687,26.0,119.0,119.0,567.0384615384615
1687,1688,21.0,118.0,119.0,485.4761904761905
1688,1689,29.0,117.0,118.0,518.0
1689,1690,28.0,112.0,117.0,517.3214285714286
1690,1691,16.0,108.0,109.0,631.0625
1691,1692,15.0,105.0,116.0,519.8666666666667
1692,1693,36.0,120.0,120.0,499.6111111111111
1693,1694,18.0,117.0,117.0,562.0
1694,1695,31.0,111.0,120.0,551.3225806451613
1695,1696,26.0,120.0,120.0,540.5
1696,1697,22.0,115.0,117.0,578.2727272727273
1697,1698,22.0,118.0,120.0,432.95454545454544
1698,1699,24.0,116.0,118.0,460.4583333333333
1699,1700,26.0,119.0,119.0,388.7692307692308
1700,1701,16.0,105.0,109.0,577.3125
1701,1702,19.0,112.0,113.0,349.7368421052632
1702,1703,22.0,111.0,118.0,497.04545454545456
1703,1704,25.0,112.0,118.0,321.4
1704,1705,26.0,113.0,118.0,553.3846153846154
1705,1706,28.0,119.0,120.0,510.42857142857144
1706,1707,28.0,119.0,119.0,483.32142857142856
1707,1708,20.0,109.0,119.0,402.55
1708,1709,26.0,116.0,118.0,534.8076923076923
1709,1710,29.0,111.0,119.0,431.6551724137931
1710,1711,25.0,105.0,112.0,503.48
1711,1712,21.0,111.0,120.0,418.0952380952381
1712,1713,27.0,115.0,118.0,512.074074074074
1713,1714,26.0,109.0,115.0,469.6923076923077
1714,1715,20.0,117.0,118.0,495.2
1715,1716,25.0,108.0,113.0,587.52
1716,1717,20.0,114.0,118.0,503.7
1717,1718,27.0,109.0,112.0,503.3703703703704
1718,1719,24.0,117.0,118.0,466.0833333333333
1719,1720,26.0,117.0,120.0,511.9230769230769
1720,1721,25.0,117.0,118.0,525.08
1721,1722,23.0,116.0,117.0,502.95652173913044
1722,1723,30.0,118.0,119.0,489.6
1723,1724,25.0,118.0,118.0,582.44
1724,1725,25.0,104.0,108.0,479.92
1725,1726,27.0,114.0,114.0,494.5925925925926
1726,1727,23.0,116.0,118.0,589.304347826087
1727,1728,17.0,106.0,120.0,515.2352941176471
1728,1729,25.0,115.0,116.0,530.68
1729,1730,27.0,106.0,118.0,530.5555555555555
1730,1731,20.0,109.0,112.0,532.15
1731,1732,33.0,116.0,117.0,438.6666666666667
1732,1733,22.0,116.0,120.0,465.95454545454544
1733,1734,23.0,103.0,117.0,422.0869565217391
1734,1735,29.0,113.0,116.0,478.8965517241379
1735,1736,27.0,115.0,119.0,494.14814814814815
1736,1737,27.0,108.0,115.0,472.0740740740741
1737,1738,31.0,114.0,117.0,539.9677419354839
1738,1739,29.0,110.0,115.0,478.1034482758621
1739,1740,19.0,110.0,120.0,525.2631578947369
1740,1741,20.0,109.0,112.0,456.95
1741,1742,27.0,109.0,115.0,509.3703703703704
1742,1743,24.0,120.0,120.0,511.375
1743,1744,26.0,107.0,120.0,551.8846153846154
1744,1745,25.0,117.0,120.0,509.32
1745,1746,25.0,117.0,117.0,394.44
1746,1747,20.0,118.0,119.0,375.85
1747,1748,25.0,120.0,120.0,402.36
1748,1749,28.0,117.0,118.0,535.8571428571429
1749,1750,15.0,116.0,120.0,463.0
1750,1751,22.0,114.0,120.0,433.27272727272725
1751,1752,29.0,117.0,119.0,418.48275862068965
1752,1753,31.0,110.0,111.0,569.5483870967741
1753,1754,25.0,117.0,118.0,398.12
1754,1755,24.0,117.0,120.0,476.5416666666667
1755,1756,23.0,111.0,112.0,407.5217391304348
1756,1757,22.0,111.0,113.0,567.2727272727273
1757,1758,26.0,120.0,120.0,453.65384615384613
1758,1759,26.0,113.0,116.0,558.6538461538462
1759,1760,21.0,108.0,111.0,543.5714285714286
1760,1761,30.0,111.0,117.0,466.43333333333334
1761,1762,29.0,117.0,118.0,508.44827586206895
1762,1763,29.0,113.0,118.0,461.8965517241379
1763,1764,23.0,120.0,120.0,451.1304347826087
1764,1765,24.0,115.0,120.0,485.3333333333333
1765,1766,34.0,117.0,118.0,470.3235294117647
1766,1767,22.0,112.0,118.0,480.45454545454544
1767,1768,23.0,109.0,113.0,590.0434782608696
1768,1769,27.0,115.0,119.0,586.8518518518518
1769,1770,36.0,114.0,115.0,558.6944444444445
1770,1771,28.0,119.0,119.0,552.4285714285714
1771,1772,29.0,117.0,120.0,565.8275862068965
1772,1773,23.0,97.0,116.0,457.9130434782609
1773,1774,33.0,107.0,116.0,539.1212121212121
1774,1775,26.0,114.0,115.0,523.0384615384615
1775,1776,24.0,116.0,120.0,491.9166666666667
1776,1777,22.0,117.0,119.0,569.5
1777,1778,26.0,119.0,119.0,518.0769230769231
1778,1779,22.0,116.0,120.0,497.59090909090907
1779,1780,29.0,117.0,118.0,560.0689655172414
1780,1781,21.0,113.0,119.0,422.6666666666667
1781,1782,22.0,111.0,119.0,387.1363636363636
1782,1783,28.0,111.0,117.0,585.8214285714286
1783,1784,16.0,90.0,102.0,440.5
1784,1785,21.0,103.0,103.0,566.1428571428571
1785,1786,24.0,117.0,118.0,603.5416666666666
1786,1787,23.0,91.0,97.0,460.95652173913044
1787,1788,25.0,106.0,112.0,456.6
1788,1789,24.0,116.0,119.0,518.3333333333334
1789,1790,20.0,113.0,118.0,586.1
1790,1791,32.0,110.0,110.0,559.59375
1791,1792,31.0,110.0,110.0,510.93548387096774
1792,1793,27.0,115.0,119.0,491.48148148148147
1793,1794,22.0,115.0,119.0,394.1363636363636
1794,1795,23.0,112.0,116.0,449.8695652173913
1795,1796,23.0,115.0,118.0,557.1739130434783
1796,1797,31.0,109.0,112.0,420.35483870967744
1797,1798,32.0,118.0,119.0,521.875
1798,1799,29.0,115.0,119.0,420.6896551724138
1799,1800,20.0,112.0,112.0,492.5
1800,1801,23.0,116.0,118.0,535.3478260869565
1801,1802,31.0,115.0,119.0,496.258064516129
1802,1803,32.0,114.0,119.0,522.21875
1803,1804,29.0,118.0,119.0,589.1034482758621
1804,1805,31.0,117.0,119.0,496.5806451612903
1805,1806,28.0,117.0,118.0,578.0
1806,1807,21.0,105.0,109.0,471.57142857142856
1807,1808,27.0,113.0,116.0,525.925925925926
1808,1809,31.0,120.0,120.0,544.8064516129032
1809,1810,23.0,108.0,117.0,559.8695652173913
1810,1811,17.0,119.0,119.0,586.7058823529412
1811,1812,17.0,115.0,119.0,443.94117647058823
1812,1813,33.0,110.0,115.0,408.0
1813,1814,22.0,114.0,119.0,434.6818181818182
1814,1815,24.0,103.0,119.0,508.4583333333333
1815,1816,25.0,107.0,111.0,412.48
1816,1817,29.0,96.0,113.0,552.448275862069
1817,1818,20.0,113.0,114.0,538.9
1818,1819,27.0,116.0,117.0,548.9629629629629
1819,1820,20.0,104.0,105.0,441.8
1820,1821,24.0,111.0,117.0,429.5416666666667
1821,1822,22.0,120.0,120.0,529.5909090909091
1822,1823,31.0,112.0,113.0,521.4516129032259
1823,1824,21.0,115.0,115.0,476.04761904761904
1824,1825,28.0,115.0,119.0,527.6071428571429
1825,1826,19.0,106.0,110.0,525.1052631578947
1826,1827,32.0,113.0,115.0,620.09375
1827,1828,21.0,117.0,119.0,576.1904761904761
1828,1829,23.0,115.0,118.0,565.9130434782609
1829,1830,25.0,110.0,115.0,452.24
1830,1831,24.0,114.0,118.0,450.625
1831,1832,33.0,116.0,120.0,474.3030303030303
1832,1833,22.0,115.0,120.0,381.6363636363636
1833,1834,22.0,108.0,109.0,418.22727272727275
1834,1835,19.0,120.0,120.0,506.3157894736842
1835,1836,28.0,104.0,104.0,459.7142857142857
1836,1837,27.0,117.0,117.0,519.0370370370371
1837,1838,29.0,118.0,120.0,416.0
1838,1839,20.0,115.0,119.0,547.05
1839,1840,29.0,112.0,117.0,535.2068965517242
1840,1841,30.0,116.0,120.0,566.8
1841,1842,24.0,118.0,120.0,499.3333333333333
1842,1843,17.0,116.0,117.0,475.7647058823529
1843,1844,17.0,115.0,119.0,584.1764705882352
1844,1845,36.0,110.0,118.0,434.3888888888889
1845,1846,23.0,98.0,98.0,597.0
1846,1847,29.0,117.0,120.0,453.3448275862069
1847,1848,27.0,115.0,116.0,462.4074074074074
1848,1849,28.0,115.0,116.0,506.14285714285717
1849,1850,33.0,119.0,119.0,595.3333333333334
1850,1851,30.0,119.0,120.0,537.2666666666667
1851,1852,32.0,114.0,115.0,544.71875
1852,1853,30.0,120.0,120.0,592.5666666666667
1853,1854,25.0,100.0,117.0,514.0
1854,1855,23.0,117.0,117.0,495.5217391304348
1855,1856,16.0,112.0,118.0,321.5625
1856,1857,28.0,117.0,118.0,449.64285714285717
1857,1858,29.0,109.0,111.0,512.5172413793103
1858,1859,20.0,109.0,111.0,412.6
1859,1860,20.0,106.0,118.0,469.05
1860,1861,24.0,116.0,120.0,467.75
1861,1862,25.0,111.0,112.0,471.48
1862,1863,30.0,119.0,120.0,516.6666666666666
1863,1864,18.0,117.0,117.0,529.2222222222222
1864,1865,23.0,105.0,116.0,411.0
1865,1866,25.0,120.0,120.0,527.12
1866,1867,28.0,115.0,117.0,525.2142857142857
1867,1868,24.0,109.0,114.0,589.375
1868,1869,27.0,119.0,120.0,536.6666666666666
1869,1870,36.0,116.0,119.0,465.69444444444446
1870,1871,26.0,118.0,119.0,474.7307692307692
1871,1872,23.0,113.0,120.0,522.0869565217391
1872,1873,22.0,114.0,116.0,463.6818181818182
1873,1874,18.0,112.0,120.0,430.0
1874,1875,35.0,117.0,119.0,493.57142857142856
1875,1876,27.0,108.0,112.0,523.7407407407408
1876,1877,22.0,102.0,106.0,524.4090909090909
1877,1878,25.0,117.0,119.0,407.64
1878,1879,31.0,112.0,116.0,568.3870967741935
1879,1880,27.0,114.0,117.0,506.5925925925926
1880,1881,36.0,120.0,120.0,524.8888888888889
1881,1882,32.0,116.0,120.0,452.34375
1882,1883,27.0,119.0,120.0,553.6666666666666
1883,1884,24.0,113.0,120.0,382.9583333333333
1884,1885,22.0,109.0,109.0,351.5
1885,1886,27.0,120.0,120.0,457.2962962962963
1886,1887,26.0,116.0,119.0,484.0769230769231
1887,1888,26.0,116.0,117.0,463.7307692307692
1888,1889,24.0,108.0,118.0,515.4166666666666
1889,1890,34.0,119.0,119.0,505.7352941176471
1890,1891,24.0,110.0,113.0,446.4583333333333
1891,1892,21.0,118.0,118.0,442.14285714285717
1892,1893,25.0,118.0,118.0,547.6
1893,1894,27.0,117.0,117.0,512.6296296296297
1894,1895,25.0,117.0,118.0,571.52
1895,1896,32.0,114.0,116.0,628.4375
1896,1897,19.0,106.0,109.0,656.6315789473684
1897,1898,22.0,115.0,118.0,347.3636363636364
1898,1899,21.0,98.0,102.0,403.57142857142856
1899,1900,22.0,113.0,113.0,454.0
1900,1901,20.0,107.0,109.0,555.45
1901,1902,27.0,109.0,112.0,579.074074074074
1902,1903,30.0,101.0,110.0,529.2333333333333
1903,1904,30.0,117.0,117.0,492.8333333333333
1904,1905,24.0,109.0,116.0,479.25
1905,1906,21.0,119.0,119.0,452.57142857142856
1906,1907,29.0,118.0,118.0,490.7931034482759
1907,1908,23.0,106.0,113.0,567.0
1908,1909,27.0,113.0,116.0,607.3703703703703
1909,1910,18.0,108.0,119.0,531.8888888888889
1910,1911,22.0,115.0,116.0,469.8181818181818
1911,1912,34.0,107.0,111.0,595.9705882352941
1912,1913,28.0,104.0,117.0,459.07142857142856
1913,1914,25.0,120.0,120.0,503.28
1914,1915,23.0,115.0,120.0,510.8695652173913
1915,1916,26.0,114.0,115.0,439.6923076923077
1916,1917,34.0,118.0,120.0,398.1764705882353
1917,1918,30.0,120.0,120.0,447.1666666666667
1918,1919,26.0,114.0,119.0,556.1923076923077
1919,1920,30.0,115.0,117.0,430.96666666666664
1920,1921,17.0,113.0,115.0,511.70588235294116
1921,1922,24.0,113.0,117.0,489.625
1922,1923,20.0,118.0,118.0,525.8
1923,1924,26.0,116.0,116.0,559.9615384615385
1924,1925,26.0,112.0,117.0,399.53846153846155
1925,1926,27.0,104.0,110.0,537.7777777777778
1926,1927,21.0,114.0,119.0,617.7619047619048
1927,1928,19.0,113.0,120.0,512.2105263157895
1928,1929,29.0,117.0,119.0,504.41379310344826
1929,1930,25.0,120.0,120.0,472.6
1930,1931,25.0,113.0,120.0,518.8
1931,1932,25.0,106.0,119.0,466.08
1932,1933,26.0,115.0,116.0,481.34615384615387
1933,1934,20.0,118.0,118.0,458.35
1934,1935,27.0,119.0,120.0,538.8518518518518
1935,1936,29.0,113.0,118.0,455.62068965517244
1936,1937,28.0,120.0,120.0,534.4285714285714
1937,1938,27.0,110.0,112.0,520.1851851851852
1938,1939,30.0,120.0,120.0,437.76666666666665
1939,1940,33.0,115.0,119.0,524.5151515151515
1940,1941,19.0,114.0,118.0,508.05263157894734
1941,1942,26.0,119.0,119.0,582.5384615384615
1942,1943,22.0,115.0,119.0,510.6818181818182
1943,1944,25.0,115.0,116.0,544.16
1944,1945,20.0,116.0,120.0,604.8
1945,1946,31.0,112.0,113.0,390.6774193548387
1946,1947,29.0,118.0,119.0,444.7931034482759
1947,1948,28.0,115.0,117.0,519.0357142857143
1948,1949,27.0,112.0,116.0,451.8888888888889
1949,1950,23.0,105.0,117.0,550.6086956521739
1950,1951,23.0,118.0,118.0,589.3913043478261
1951,1952,31.0,118.0,118.0,490.93548387096774
1952,1953,28.0,115.0,115.0,553.5714285714286
1953,1954,28.0,117.0,120.0,601.0714285714286
1954,1955,17.0,120.0,120.0,432.70588235294116
1955,1956,25.0,114.0,120.0,488.0
1956,1957,16.0,114.0,116.0,456.125
1957,1958,28.0,105.0,120.0,484.07142857142856
1958,1959,30.0,116.0,117.0,434.73333333333335
1959,1960,28.0,112.0,116.0,478.39285714285717
1960,1961,20.0,116.0,118.0,525.3
1961,1962,24.0,115.0,118.0,465.375
1962,1963,26.0,117.0,117.0,433.5
1963,1964,23.0,102.0,103.0,414.4347826086956
1964,1965,27.0,105.0,111.0,537.925925925926
1965,1966,27.0,111.0,120.0,545.6296296296297
1966,1967,26.0,112.0,119.0,498.61538461538464
1967,1968,24.0,112.0,113.0,495.75
1968,1969,24.0,117.0,117.0,587.0416666666666
1969,1970,34.0,116.0,120.0,492.6470588235294
1970,1971,26.0,109.0,117.0,494.7307692307692
1971,1972,31.0,117.0,119.0,453.0
1972,1973,26.0,115.0,116.0,483.34615384615387
1973,1974,33.0,119.0,119.0,608.9090909090909
1974,1975,23.0,119.0,119.0,433.6521739130435
1975,1976,24.0,113.0,117.0,517.125
1976,1977,25.0,100.0,106.0,517.92
1977,1978,29.0,117.0,119.0,480.13793103448273
1978,1979,29.0,117.0,119.0,533.8965517241379
1979,1980,32.0,118.0,118.0,642.28125
1980,1981,24.0,118.0,119.0,385.7916666666667
1981,1982,25.0,115.0,119.0,424.44
1982,1983,25.0,114.0,120.0,528.72
1983,1984,21.0,114.0,120.0,513.4285714285714
1984,1985,34.0,109.0,112.0,432.70588235294116
1985,1986,24.0,115.0,115.0,517.2916666666666
1986,1987,28.0,110.0,113.0,480.42857142857144
1987,1988,21.0,118.0,119.0,541.6666666666666
1988,1989,19.0,109.0,110.0,456.1578947368421
1989,1990,31.0,119.0,119.0,505.03225806451616
1990,1991,30.0,111.0,120.0,490.73333333333335
1991,1992,25.0,107.0,108.0,503.4
1992,1993,30.0,113.0,116.0,482.3666666666667
1993,1994,24.0,115.0,120.0,529.4583333333334
1994,1995,18.0,111.0,112.0,555.8888888888889
1995,1996,25.0,113.0,119.0,646.68
1996,1997,26.0,115.0,118.0,435.5769230769231
1997,1998,22.0,114.0,114.0,524.3636363636364
1998,1999,24.0,107.0,119.0,502.0833333333333
1999,2000,32.0,116.0,120.0,524.90625
