,ID,frequency_cal,recency_cal,T_cal,frequency_holdout,duration_holdout
0,1,20.0,81.0,87.0,13,59.0
1,2,21.0,86.0,86.0,18,59.0
2,3,21.0,83.0,91.0,11,59.0
3,4,22.0,88.0,89.0,11,59.0
4,5,31.0,86.0,91.0,12,59.0
5,6,23.0,90.0,90.0,15,59.0
6,7,11.0,80.0,86.0,9,59.0
7,8,22.0,88.0,88.0,12,59.0
8,9,19.0,85.0,91.0,12,59.0
9,10,19.0,91.0,91.0,11,59.0
10,11,15.0,79.0,85.0,13,59.0
11,12,18.0,78.0,91.0,17,59.0
12,13,27.0,84.0,86.0,16,59.0
13,14,16.0,69.0,76.0,12,59.0
14,15,17.0,88.0,89.0,10,59.0
15,16,17.0,89.0,91.0,14,59.0
16,17,20.0,89.0,90.0,13,59.0
17,18,23.0,89.0,90.0,19,59.0
18,19,15.0,82.0,89.0,7,59.0
19,20,28.0,89.0,91.0,13,59.0
20,21,18.0,87.0,87.0,11,59.0
21,22,19.0,85.0,90.0,10,59.0
22,23,15.0,80.0,90.0,10,59.0
23,24,17.0,86.0,87.0,9,59.0
24,25,21.0,89.0,90.0,8,59.0
25,26,16.0,87.0,87.0,14,59.0
26,27,20.0,87.0,91.0,17,59.0
27,28,18.0,90.0,91.0,17,59.0
28,29,18.0,78.0,87.0,12,59.0
29,30,14.0,84.0,84.0,16,59.0
30,31,16.0,85.0,90.0,11,59.0
31,32,18.0,81.0,85.0,15,59.0
32,33,11.0,72.0,89.0,16,59.0
33,34,18.0,87.0,89.0,11,59.0
34,35,15.0,69.0,88.0,12,59.0
35,36,23.0,89.0,89.0,17,59.0
36,37,23.0,86.0,86.0,19,59.0
37,38,16.0,77.0,90.0,13,59.0
38,39,20.0,80.0,86.0,15,59.0
39,40,23.0,79.0,90.0,7,59.0
40,41,17.0,88.0,91.0,11,59.0
41,42,12.0,74.0,75.0,12,59.0
42,43,21.0,77.0,82.0,12,59.0
43,44,20.0,86.0,87.0,15,59.0
44,45,22.0,83.0,86.0,11,59.0
45,46,20.0,84.0,88.0,11,59.0
46,47,18.0,86.0,87.0,10,59.0
47,48,17.0,86.0,89.0,14,59.0
48,49,24.0,88.0,88.0,18,59.0
49,50,24.0,88.0,88.0,11,59.0
50,51,19.0,88.0,90.0,11,59.0
51,52,17.0,70.0,88.0,13,59.0
52,53,19.0,90.0,91.0,14,59.0
53,54,20.0,89.0,89.0,16,59.0
54,55,17.0,89.0,90.0,11,59.0
55,56,22.0,84.0,88.0,20,59.0
56,57,27.0,82.0,84.0,23,59.0
57,58,17.0,83.0,89.0,16,59.0
58,59,23.0,80.0,89.0,14,59.0
59,60,13.0,74.0,85.0,14,59.0
60,61,19.0,82.0,85.0,16,59.0
61,62,19.0,84.0,88.0,11,59.0
62,63,21.0,88.0,90.0,12,59.0
63,64,14.0,74.0,78.0,16,59.0
64,65,19.0,90.0,91.0,14,59.0
65,66,20.0,81.0,82.0,11,59.0
66,67,20.0,83.0,89.0,7,59.0
67,68,18.0,89.0,89.0,10,59.0
68,69,23.0,89.0,91.0,18,59.0
69,70,11.0,86.0,91.0,16,59.0
70,71,22.0,88.0,89.0,6,59.0
71,72,21.0,84.0,90.0,12,59.0
72,73,14.0,80.0,90.0,17,59.0
73,74,16.0,81.0,87.0,9,59.0
74,75,23.0,75.0,85.0,8,59.0
75,76,22.0,90.0,91.0,12,59.0
76,77,22.0,86.0,88.0,13,59.0
77,78,12.0,75.0,89.0,10,59.0
78,79,17.0,85.0,91.0,7,59.0
79,80,19.0,88.0,88.0,11,59.0
80,81,23.0,88.0,91.0,7,59.0
81,82,19.0,87.0,88.0,15,59.0
82,83,25.0,85.0,90.0,10,59.0
83,84,15.0,78.0,80.0,13,59.0
84,85,13.0,89.0,89.0,13,59.0
85,86,20.0,74.0,79.0,18,59.0
86,87,24.0,89.0,90.0,11,59.0
87,88,18.0,78.0,88.0,17,59.0
88,89,16.0,89.0,89.0,7,59.0
89,90,13.0,90.0,91.0,19,59.0
90,91,20.0,90.0,90.0,13,59.0
91,92,21.0,84.0,85.0,9,59.0
92,93,14.0,84.0,90.0,11,59.0
93,94,20.0,90.0,91.0,15,59.0
94,95,13.0,77.0,91.0,15,59.0
95,96,24.0,87.0,90.0,10,59.0
96,97,16.0,75.0,89.0,17,59.0
97,98,17.0,84.0,88.0,10,59.0
98,99,16.0,87.0,89.0,10,59.0
99,100,20.0,89.0,91.0,17,59.0
100,101,13.0,86.0,89.0,10,59.0
101,102,18.0,81.0,84.0,15,59.0
102,103,21.0,77.0,85.0,10,59.0
103,104,19.0,76.0,82.0,12,59.0
104,105,23.0,88.0,91.0,12,59.0
105,106,25.0,89.0,90.0,13,59.0
106,107,21.0,76.0,79.0,12,59.0
107,108,19.0,77.0,88.0,9,59.0
108,109,18.0,90.0,91.0,16,59.0
109,110,17.0,88.0,89.0,17,59.0
110,111,23.0,88.0,91.0,20,59.0
111,112,15.0,81.0,89.0,18,59.0
112,113,17.0,86.0,89.0,10,59.0
113,114,20.0,89.0,91.0,12,59.0
114,115,17.0,90.0,90.0,10,59.0
115,116,21.0,87.0,88.0,9,59.0
116,117,21.0,87.0,90.0,12,59.0
117,118,18.0,84.0,84.0,14,59.0
118,119,19.0,87.0,91.0,13,59.0
119,120,14.0,85.0,90.0,7,59.0
120,121,18.0,81.0,87.0,14,59.0
121,122,15.0,75.0,83.0,12,59.0
122,123,17.0,89.0,90.0,13,59.0
123,124,17.0,85.0,89.0,10,59.0
124,125,18.0,78.0,83.0,14,59.0
125,126,18.0,81.0,91.0,7,59.0
126,127,18.0,74.0,77.0,9,59.0
127,128,18.0,86.0,86.0,19,59.0
128,129,20.0,89.0,91.0,14,59.0
129,130,19.0,87.0,90.0,15,59.0
130,131,22.0,89.0,89.0,12,59.0
131,132,22.0,87.0,91.0,14,59.0
132,133,16.0,90.0,90.0,13,59.0
133,134,17.0,87.0,89.0,12,59.0
134,135,21.0,89.0,89.0,13,59.0
135,136,22.0,88.0,91.0,4,59.0
136,137,24.0,87.0,89.0,17,59.0
137,138,25.0,91.0,91.0,15,59.0
138,139,23.0,78.0,87.0,12,59.0
139,140,17.0,81.0,82.0,14,59.0
140,141,19.0,86.0,88.0,19,59.0
141,142,20.0,84.0,91.0,11,59.0
142,143,17.0,72.0,82.0,15,59.0
143,144,23.0,78.0,86.0,23,59.0
144,145,23.0,79.0,90.0,8,59.0
145,146,20.0,82.0,82.0,12,59.0
146,147,18.0,86.0,87.0,13,59.0
147,148,17.0,89.0,89.0,17,59.0
148,149,17.0,90.0,91.0,12,59.0
149,150,23.0,73.0,84.0,16,59.0
150,151,18.0,86.0,88.0,18,59.0
151,152,17.0,85.0,90.0,10,59.0
152,153,19.0,84.0,87.0,10,59.0
153,154,16.0,87.0,91.0,12,59.0
154,155,17.0,84.0,87.0,10,59.0
155,156,23.0,89.0,89.0,12,59.0
156,157,14.0,79.0,89.0,14,59.0
157,158,15.0,78.0,89.0,7,59.0
158,159,16.0,78.0,88.0,9,59.0
159,160,17.0,87.0,91.0,16,59.0
160,161,21.0,84.0,84.0,11,59.0
161,162,20.0,83.0,84.0,14,59.0
162,163,17.0,90.0,91.0,13,59.0
163,164,21.0,75.0,88.0,13,59.0
164,165,16.0,88.0,88.0,18,59.0
165,166,18.0,86.0,90.0,11,59.0
166,167,17.0,85.0,86.0,13,59.0
167,168,22.0,86.0,89.0,15,59.0
168,169,13.0,67.0,74.0,12,59.0
169,170,18.0,79.0,88.0,17,59.0
170,171,23.0,87.0,90.0,14,59.0
171,172,22.0,84.0,89.0,19,59.0
172,173,20.0,76.0,79.0,12,59.0
173,174,17.0,89.0,89.0,14,59.0
174,175,19.0,84.0,89.0,12,59.0
175,176,19.0,85.0,88.0,11,59.0
176,177,17.0,84.0,84.0,11,59.0
177,178,23.0,87.0,91.0,19,59.0
178,179,17.0,83.0,89.0,16,59.0
179,180,23.0,88.0,89.0,11,59.0
180,181,18.0,81.0,82.0,15,59.0
181,182,20.0,88.0,91.0,14,59.0
182,183,17.0,88.0,89.0,18,59.0
183,184,17.0,70.0,73.0,10,59.0
184,185,17.0,88.0,90.0,14,59.0
185,186,6.0,66.0,76.0,15,59.0
186,187,22.0,88.0,89.0,12,59.0
187,188,13.0,76.0,80.0,22,59.0
188,189,18.0,90.0,91.0,17,59.0
189,190,19.0,89.0,89.0,14,59.0
190,191,19.0,81.0,91.0,17,59.0
191,192,20.0,85.0,90.0,8,59.0
192,193,28.0,89.0,91.0,12,59.0
193,194,25.0,90.0,91.0,14,59.0
194,195,21.0,86.0,89.0,9,59.0
195,196,14.0,81.0,83.0,13,59.0
196,197,15.0,90.0,91.0,9,59.0
197,198,12.0,85.0,87.0,11,59.0
198,199,18.0,84.0,91.0,15,59.0
199,200,16.0,82.0,85.0,17,59.0
200,201,15.0,89.0,91.0,10,59.0
201,202,20.0,84.0,88.0,16,59.0
202,203,18.0,77.0,90.0,14,59.0
203,204,20.0,90.0,91.0,14,59.0
204,205,21.0,85.0,89.0,11,59.0
205,206,14.0,86.0,86.0,15,59.0
206,207,20.0,77.0,85.0,14,59.0
207,208,17.0,87.0,87.0,16,59.0
208,209,12.0,84.0,88.0,15,59.0
209,210,18.0,83.0,86.0,13,59.0
210,211,14.0,68.0,72.0,10,59.0
211,212,19.0,87.0,88.0,12,59.0
212,213,13.0,83.0,90.0,11,59.0
213,214,19.0,87.0,91.0,16,59.0
214,215,29.0,88.0,91.0,9,59.0
215,216,22.0,90.0,90.0,11,59.0
216,217,21.0,91.0,91.0,10,59.0
217,218,17.0,73.0,83.0,11,59.0
218,219,15.0,82.0,88.0,15,59.0
219,220,23.0,83.0,84.0,16,59.0
220,221,10.0,82.0,90.0,18,59.0
221,222,12.0,82.0,87.0,11,59.0
222,223,22.0,88.0,89.0,18,59.0
223,224,20.0,89.0,91.0,16,59.0
224,225,24.0,88.0,90.0,12,59.0
225,226,24.0,90.0,91.0,13,59.0
226,227,18.0,84.0,84.0,18,59.0
227,228,16.0,77.0,84.0,10,59.0
228,229,17.0,70.0,85.0,17,59.0
229,230,22.0,85.0,89.0,11,59.0
230,231,15.0,87.0,88.0,14,59.0
231,232,22.0,87.0,88.0,16,59.0
232,233,21.0,87.0,90.0,7,59.0
233,234,24.0,91.0,91.0,12,59.0
234,235,17.0,83.0,87.0,13,59.0
235,236,17.0,76.0,90.0,11,59.0
236,237,19.0,86.0,88.0,10,59.0
237,238,17.0,91.0,91.0,15,59.0
238,239,25.0,86.0,88.0,10,59.0
239,240,22.0,89.0,89.0,7,59.0
240,241,29.0,90.0,90.0,13,59.0
241,242,20.0,86.0,87.0,10,59.0
242,243,20.0,89.0,91.0,20,59.0
243,244,14.0,88.0,91.0,8,59.0
244,245,18.0,72.0,85.0,20,59.0
245,246,10.0,81.0,86.0,13,59.0
246,247,16.0,88.0,89.0,11,59.0
247,248,18.0,87.0,87.0,13,59.0
248,249,18.0,85.0,89.0,11,59.0
249,250,23.0,79.0,81.0,14,59.0
250,251,20.0,91.0,91.0,10,59.0
251,252,19.0,74.0,90.0,14,59.0
252,253,24.0,86.0,88.0,16,59.0
253,254,23.0,85.0,86.0,10,59.0
254,255,11.0,60.0,76.0,15,59.0
255,256,22.0,85.0,87.0,12,59.0
256,257,11.0,91.0,91.0,8,59.0
257,258,15.0,90.0,91.0,12,59.0
258,259,20.0,86.0,88.0,14,59.0
259,260,19.0,87.0,90.0,10,59.0
260,261,16.0,78.0,90.0,16,59.0
261,262,20.0,83.0,86.0,8,59.0
262,263,21.0,79.0,89.0,13,59.0
263,264,17.0,84.0,87.0,19,59.0
264,265,21.0,90.0,91.0,12,59.0
265,266,12.0,66.0,88.0,15,59.0
266,267,12.0,61.0,75.0,19,59.0
267,268,18.0,84.0,88.0,15,59.0
268,269,14.0,84.0,91.0,8,59.0
269,270,20.0,84.0,85.0,18,59.0
270,271,17.0,89.0,89.0,18,59.0
271,272,18.0,88.0,88.0,14,59.0
272,273,16.0,90.0,90.0,12,59.0
273,274,18.0,87.0,87.0,15,59.0
274,275,22.0,88.0,91.0,15,59.0
275,276,12.0,78.0,81.0,14,59.0
276,277,16.0,87.0,88.0,12,59.0
277,278,24.0,87.0,90.0,9,59.0
278,279,14.0,91.0,91.0,15,59.0
279,280,14.0,85.0,86.0,9,59.0
280,281,19.0,90.0,91.0,16,59.0
281,282,14.0,89.0,91.0,15,59.0
282,283,17.0,88.0,89.0,19,59.0
283,284,15.0,83.0,87.0,12,59.0
284,285,19.0,90.0,91.0,20,59.0
285,286,15.0,81.0,87.0,15,59.0
286,287,19.0,82.0,87.0,18,59.0
287,288,17.0,90.0,91.0,11,59.0
288,289,16.0,83.0,85.0,17,59.0
289,290,24.0,86.0,90.0,13,59.0
290,291,17.0,84.0,87.0,18,59.0
291,292,22.0,83.0,84.0,23,59.0
292,293,16.0,87.0,90.0,6,59.0
293,294,21.0,82.0,82.0,8,59.0
294,295,27.0,91.0,91.0,15,59.0
295,296,14.0,79.0,85.0,17,59.0
296,297,23.0,84.0,91.0,8,59.0
297,298,19.0,86.0,90.0,13,59.0
298,299,23.0,85.0,86.0,21,59.0
299,300,15.0,72.0,89.0,12,59.0
300,301,23.0,86.0,89.0,12,59.0
301,302,19.0,83.0,84.0,9,59.0
302,303,23.0,83.0,83.0,14,59.0
303,304,13.0,87.0,90.0,19,59.0
304,305,19.0,78.0,83.0,10,59.0
305,306,23.0,84.0,85.0,11,59.0
306,307,13.0,83.0,90.0,14,59.0
307,308,17.0,87.0,89.0,11,59.0
308,309,16.0,79.0,90.0,15,59.0
309,310,20.0,91.0,91.0,13,59.0
310,311,19.0,84.0,90.0,13,59.0
311,312,22.0,87.0,88.0,15,59.0
312,313,17.0,87.0,87.0,8,59.0
313,314,17.0,83.0,88.0,10,59.0
314,315,24.0,88.0,89.0,15,59.0
315,316,18.0,89.0,91.0,10,59.0
316,317,25.0,86.0,91.0,10,59.0
317,318,16.0,80.0,81.0,18,59.0
318,319,24.0,88.0,90.0,11,59.0
319,320,17.0,88.0,89.0,9,59.0
320,321,20.0,77.0,91.0,10,59.0
321,322,19.0,82.0,89.0,9,59.0
322,323,28.0,88.0,89.0,13,59.0
323,324,20.0,86.0,91.0,15,59.0
324,325,22.0,81.0,91.0,14,59.0
325,326,17.0,81.0,88.0,14,59.0
326,327,21.0,80.0,84.0,11,59.0
327,328,20.0,87.0,88.0,13,59.0
328,329,16.0,86.0,88.0,13,59.0
329,330,19.0,84.0,90.0,7,59.0
330,331,12.0,88.0,90.0,17,59.0
331,332,18.0,85.0,86.0,13,59.0
332,333,20.0,89.0,91.0,22,59.0
333,334,21.0,89.0,90.0,6,59.0
334,335,20.0,87.0,90.0,20,59.0
335,336,18.0,89.0,91.0,9,59.0
336,337,22.0,83.0,89.0,13,59.0
337,338,17.0,85.0,91.0,10,59.0
338,339,14.0,90.0,91.0,7,59.0
339,340,19.0,84.0,85.0,17,59.0
340,341,20.0,89.0,90.0,8,59.0
341,342,20.0,91.0,91.0,14,59.0
342,343,19.0,81.0,83.0,10,59.0
343,344,11.0,89.0,89.0,15,59.0
344,345,22.0,78.0,89.0,12,59.0
345,346,21.0,88.0,91.0,19,59.0
346,347,17.0,84.0,90.0,16,59.0
347,348,23.0,86.0,89.0,16,59.0
348,349,23.0,85.0,85.0,12,59.0
349,350,21.0,64.0,83.0,14,59.0
350,351,21.0,75.0,79.0,18,59.0
351,352,21.0,84.0,89.0,9,59.0
352,353,18.0,89.0,91.0,10,59.0
353,354,20.0,85.0,87.0,12,59.0
354,355,22.0,90.0,90.0,15,59.0
355,356,17.0,84.0,89.0,16,59.0
356,357,15.0,82.0,88.0,16,59.0
357,358,9.0,77.0,87.0,10,59.0
358,359,17.0,91.0,91.0,18,59.0
359,360,20.0,82.0,90.0,15,59.0
360,361,15.0,84.0,84.0,9,59.0
361,362,23.0,88.0,90.0,12,59.0
362,363,16.0,59.0,86.0,16,59.0
363,364,20.0,73.0,86.0,10,59.0
364,365,14.0,80.0,85.0,11,59.0
365,366,23.0,87.0,91.0,16,59.0
366,367,14.0,84.0,86.0,12,59.0
367,368,18.0,84.0,91.0,8,59.0
368,369,24.0,78.0,91.0,15,59.0
369,370,21.0,87.0,90.0,9,59.0
370,371,17.0,89.0,91.0,10,59.0
371,372,22.0,88.0,91.0,11,59.0
372,373,20.0,73.0,77.0,14,59.0
373,374,18.0,83.0,91.0,10,59.0
374,375,15.0,74.0,76.0,19,59.0
375,376,18.0,89.0,91.0,15,59.0
376,377,20.0,89.0,90.0,11,59.0
377,378,20.0,87.0,88.0,17,59.0
378,379,15.0,87.0,90.0,9,59.0
379,380,19.0,88.0,89.0,17,59.0
380,381,14.0,88.0,88.0,8,59.0
381,382,12.0,65.0,91.0,11,59.0
382,383,22.0,90.0,90.0,13,59.0
383,384,22.0,85.0,87.0,9,59.0
384,385,18.0,86.0,90.0,13,59.0
385,386,14.0,79.0,81.0,18,59.0
386,387,21.0,85.0,90.0,10,59.0
387,388,18.0,69.0,73.0,10,59.0
388,389,21.0,88.0,89.0,9,59.0
389,390,11.0,76.0,87.0,13,59.0
390,391,18.0,75.0,88.0,13,59.0
391,392,13.0,90.0,90.0,13,59.0
392,393,17.0,85.0,88.0,11,59.0
393,394,19.0,76.0,76.0,12,59.0
394,395,23.0,84.0,87.0,19,59.0
395,396,15.0,78.0,90.0,8,59.0
396,397,13.0,81.0,81.0,16,59.0
397,398,17.0,89.0,91.0,7,59.0
398,399,20.0,79.0,88.0,14,59.0
399,400,24.0,82.0,90.0,12,59.0
400,401,20.0,90.0,90.0,16,59.0
401,402,13.0,73.0,83.0,12,59.0
402,403,18.0,84.0,87.0,7,59.0
403,404,19.0,88.0,91.0,12,59.0
404,405,16.0,82.0,91.0,12,59.0
405,406,21.0,90.0,91.0,13,59.0
406,407,19.0,84.0,86.0,16,59.0
407,408,21.0,84.0,91.0,14,59.0
408,409,16.0,85.0,89.0,14,59.0
409,410,19.0,78.0,83.0,12,59.0
410,411,21.0,84.0,87.0,15,59.0
411,412,20.0,87.0,87.0,14,59.0
412,413,16.0,81.0,88.0,13,59.0
413,414,24.0,85.0,89.0,10,59.0
414,415,11.0,82.0,85.0,17,59.0
415,416,20.0,90.0,91.0,19,59.0
416,417,16.0,85.0,89.0,17,59.0
417,418,21.0,89.0,91.0,17,59.0
418,419,23.0,86.0,91.0,12,59.0
419,420,22.0,84.0,85.0,10,59.0
420,421,19.0,82.0,86.0,14,59.0
421,422,16.0,91.0,91.0,19,59.0
422,423,26.0,83.0,91.0,7,59.0
423,424,22.0,83.0,91.0,12,59.0
424,425,21.0,90.0,91.0,15,59.0
425,426,17.0,74.0,85.0,7,59.0
426,427,20.0,82.0,82.0,13,59.0
427,428,21.0,85.0,88.0,14,59.0
428,429,14.0,88.0,89.0,11,59.0
429,430,21.0,85.0,91.0,14,59.0
430,431,24.0,90.0,91.0,15,59.0
431,432,14.0,85.0,90.0,9,59.0
432,433,17.0,89.0,90.0,11,59.0
433,434,27.0,91.0,91.0,15,59.0
434,435,15.0,86.0,90.0,17,59.0
435,436,19.0,88.0,90.0,19,59.0
436,437,19.0,88.0,91.0,15,59.0
437,438,20.0,82.0,86.0,19,59.0
438,439,18.0,87.0,87.0,9,59.0
439,440,26.0,88.0,89.0,9,59.0
440,441,22.0,87.0,88.0,13,59.0
441,442,21.0,88.0,90.0,17,59.0
442,443,21.0,86.0,87.0,17,59.0
443,444,28.0,88.0,90.0,11,59.0
444,445,21.0,81.0,90.0,9,59.0
445,446,20.0,85.0,88.0,16,59.0
446,447,22.0,81.0,89.0,11,59.0
447,448,21.0,86.0,87.0,11,59.0
448,449,19.0,84.0,90.0,12,59.0
449,450,12.0,57.0,63.0,15,59.0
450,451,20.0,71.0,82.0,16,59.0
451,452,17.0,91.0,91.0,16,59.0
452,453,15.0,85.0,88.0,11,59.0
453,454,21.0,83.0,88.0,17,59.0
454,455,24.0,84.0,85.0,6,59.0
455,456,24.0,82.0,85.0,16,59.0
456,457,16.0,83.0,89.0,12,59.0
457,458,22.0,80.0,82.0,8,59.0
458,459,18.0,87.0,89.0,12,59.0
459,460,22.0,86.0,88.0,9,59.0
460,461,21.0,89.0,89.0,13,59.0
461,462,19.0,78.0,91.0,14,59.0
462,463,24.0,90.0,90.0,15,59.0
463,464,15.0,80.0,84.0,14,59.0
464,465,16.0,89.0,89.0,13,59.0
465,466,20.0,84.0,85.0,13,59.0
466,467,14.0,82.0,84.0,18,59.0
467,468,24.0,85.0,86.0,9,59.0
468,469,16.0,86.0,87.0,13,59.0
469,470,16.0,82.0,88.0,10,59.0
470,471,18.0,87.0,87.0,5,59.0
471,472,23.0,87.0,90.0,18,59.0
472,473,13.0,88.0,91.0,10,59.0
473,474,22.0,84.0,88.0,12,59.0
474,475,21.0,80.0,87.0,9,59.0
475,476,15.0,77.0,85.0,7,59.0
476,477,15.0,72.0,78.0,9,59.0
477,478,17.0,74.0,83.0,13,59.0
478,479,26.0,89.0,91.0,20,59.0
479,480,22.0,87.0,91.0,13,59.0
480,481,15.0,84.0,84.0,17,59.0
481,482,24.0,85.0,88.0,13,59.0
482,483,19.0,84.0,85.0,17,59.0
483,484,23.0,89.0,90.0,16,59.0
484,485,16.0,86.0,88.0,12,59.0
485,486,17.0,82.0,87.0,15,59.0
486,487,16.0,84.0,91.0,15,59.0
487,488,16.0,84.0,85.0,16,59.0
488,489,18.0,83.0,89.0,12,59.0
489,490,19.0,88.0,88.0,8,59.0
490,491,26.0,85.0,85.0,15,59.0
491,492,22.0,90.0,90.0,10,59.0
492,493,23.0,78.0,86.0,18,59.0
493,494,17.0,82.0,91.0,14,59.0
494,495,25.0,69.0,82.0,16,59.0
495,496,21.0,90.0,90.0,15,59.0
496,497,20.0,83.0,89.0,18,59.0
497,498,22.0,88.0,90.0,18,59.0
498,499,14.0,90.0,90.0,15,59.0
499,500,20.0,87.0,90.0,13,59.0
500,501,19.0,82.0,90.0,10,59.0
501,502,22.0,87.0,87.0,8,59.0
502,503,26.0,91.0,91.0,7,59.0
503,504,21.0,89.0,89.0,12,59.0
504,505,27.0,81.0,81.0,12,59.0
505,506,26.0,91.0,91.0,18,59.0
506,507,20.0,86.0,88.0,12,59.0
507,508,16.0,87.0,91.0,18,59.0
508,509,15.0,90.0,91.0,10,59.0
509,510,16.0,85.0,85.0,16,59.0
510,511,16.0,82.0,87.0,18,59.0
511,512,23.0,84.0,85.0,14,59.0
512,513,10.0,66.0,91.0,14,59.0
513,514,19.0,88.0,88.0,9,59.0
514,515,16.0,85.0,86.0,17,59.0
515,516,24.0,88.0,88.0,16,59.0
516,517,20.0,91.0,91.0,5,59.0
517,518,10.0,85.0,85.0,17,59.0
518,519,17.0,80.0,85.0,17,59.0
519,520,16.0,85.0,86.0,18,59.0
520,521,21.0,81.0,90.0,10,59.0
521,522,22.0,91.0,91.0,7,59.0
522,523,19.0,87.0,90.0,11,59.0
523,524,11.0,81.0,81.0,12,59.0
524,525,23.0,87.0,90.0,12,59.0
525,526,22.0,86.0,91.0,11,59.0
526,527,21.0,84.0,88.0,19,59.0
527,528,10.0,75.0,77.0,17,59.0
528,529,24.0,80.0,82.0,11,59.0
529,530,31.0,90.0,90.0,18,59.0
530,531,19.0,89.0,89.0,17,59.0
531,532,21.0,85.0,88.0,14,59.0
532,533,24.0,76.0,84.0,5,59.0
533,534,19.0,86.0,90.0,19,59.0
534,535,13.0,85.0,90.0,8,59.0
535,536,14.0,77.0,79.0,9,59.0
536,537,17.0,85.0,85.0,13,59.0
537,538,23.0,85.0,91.0,10,59.0
538,539,21.0,89.0,91.0,12,59.0
539,540,20.0,90.0,91.0,15,59.0
540,541,22.0,84.0,87.0,10,59.0
541,542,19.0,84.0,89.0,12,59.0
542,543,13.0,84.0,91.0,15,59.0
543,544,20.0,76.0,79.0,14,59.0
544,545,23.0,81.0,82.0,12,59.0
545,546,17.0,82.0,82.0,8,59.0
546,547,16.0,62.0,80.0,10,59.0
547,548,23.0,86.0,87.0,9,59.0
548,549,24.0,83.0,87.0,16,59.0
549,550,15.0,87.0,91.0,9,59.0
550,551,23.0,84.0,91.0,14,59.0
551,552,19.0,74.0,80.0,8,59.0
552,553,21.0,83.0,91.0,8,59.0
553,554,12.0,46.0,82.0,12,59.0
554,555,17.0,76.0,88.0,15,59.0
555,556,17.0,78.0,91.0,15,59.0
556,557,10.0,82.0,83.0,15,59.0
557,558,24.0,82.0,85.0,14,59.0
558,559,17.0,86.0,90.0,9,59.0
559,560,23.0,90.0,91.0,12,59.0
560,561,20.0,90.0,90.0,7,59.0
561,562,26.0,86.0,88.0,12,59.0
562,563,17.0,83.0,86.0,15,59.0
563,564,22.0,77.0,77.0,19,59.0
564,565,14.0,84.0,89.0,11,59.0
565,566,19.0,84.0,86.0,12,59.0
566,567,20.0,78.0,80.0,12,59.0
567,568,18.0,83.0,89.0,13,59.0
568,569,20.0,89.0,90.0,12,59.0
569,570,25.0,89.0,90.0,15,59.0
570,571,22.0,91.0,91.0,14,59.0
571,572,16.0,90.0,91.0,13,59.0
572,573,17.0,85.0,88.0,18,59.0
573,574,20.0,87.0,89.0,11,59.0
574,575,17.0,75.0,89.0,13,59.0
575,576,17.0,78.0,90.0,10,59.0
576,577,21.0,88.0,90.0,7,59.0
577,578,24.0,83.0,91.0,8,59.0
578,579,22.0,84.0,84.0,15,59.0
579,580,19.0,85.0,88.0,11,59.0
580,581,18.0,90.0,91.0,13,59.0
581,582,13.0,86.0,90.0,8,59.0
582,583,17.0,80.0,82.0,16,59.0
583,584,25.0,84.0,87.0,8,59.0
584,585,22.0,87.0,90.0,20,59.0
585,586,27.0,90.0,90.0,17,59.0
586,587,24.0,81.0,83.0,18,59.0
587,588,23.0,83.0,83.0,14,59.0
588,589,18.0,86.0,89.0,11,59.0
589,590,19.0,82.0,89.0,11,59.0
590,591,23.0,78.0,81.0,17,59.0
591,592,23.0,76.0,79.0,12,59.0
592,593,10.0,85.0,89.0,13,59.0
593,594,23.0,91.0,91.0,16,59.0
594,595,13.0,77.0,80.0,14,59.0
595,596,10.0,67.0,80.0,17,59.0
596,597,28.0,86.0,88.0,5,59.0
597,598,26.0,88.0,88.0,12,59.0
598,599,18.0,74.0,82.0,10,59.0
599,600,18.0,87.0,90.0,11,59.0
600,601,22.0,87.0,87.0,13,59.0
601,602,24.0,88.0,89.0,14,59.0
602,603,19.0,83.0,91.0,13,59.0
603,604,20.0,81.0,91.0,7,59.0
604,605,15.0,86.0,87.0,15,59.0
605,606,22.0,78.0,90.0,14,59.0
606,607,22.0,71.0,74.0,10,59.0
607,608,17.0,84.0,84.0,13,59.0
608,609,19.0,82.0,89.0,11,59.0
609,610,23.0,68.0,73.0,9,59.0
610,611,18.0,82.0,86.0,13,59.0
611,612,22.0,84.0,90.0,5,59.0
612,613,23.0,81.0,81.0,15,59.0
613,614,20.0,87.0,91.0,12,59.0
614,615,22.0,88.0,89.0,15,59.0
615,616,22.0,91.0,91.0,14,59.0
616,617,22.0,89.0,91.0,15,59.0
617,618,17.0,82.0,85.0,14,59.0
618,619,24.0,88.0,90.0,15,59.0
619,620,20.0,84.0,86.0,16,59.0
620,621,16.0,87.0,87.0,16,59.0
621,622,20.0,89.0,91.0,14,59.0
622,623,17.0,88.0,90.0,12,59.0
623,624,8.0,63.0,79.0,14,59.0
624,625,17.0,88.0,91.0,9,59.0
625,626,18.0,90.0,91.0,8,59.0
626,627,15.0,83.0,85.0,9,59.0
627,628,19.0,88.0,88.0,13,59.0
628,629,16.0,83.0,85.0,11,59.0
629,630,22.0,82.0,89.0,11,59.0
630,631,20.0,81.0,89.0,13,59.0
631,632,15.0,73.0,87.0,12,59.0
632,633,22.0,84.0,88.0,7,59.0
633,634,16.0,79.0,83.0,10,59.0
634,635,15.0,60.0,60.0,12,59.0
635,636,22.0,83.0,84.0,7,59.0
636,637,14.0,87.0,91.0,15,59.0
637,638,19.0,91.0,91.0,14,59.0
638,639,16.0,81.0,90.0,13,59.0
639,640,20.0,90.0,90.0,12,59.0
640,641,23.0,79.0,91.0,14,59.0
641,642,22.0,89.0,91.0,7,59.0
642,643,17.0,90.0,90.0,14,59.0
643,644,15.0,89.0,90.0,9,59.0
644,645,18.0,91.0,91.0,10,59.0
645,646,20.0,88.0,91.0,18,59.0
646,647,19.0,86.0,88.0,9,59.0
647,648,22.0,88.0,88.0,12,59.0
648,649,24.0,89.0,90.0,12,59.0
649,650,19.0,87.0,88.0,16,59.0
650,651,23.0,89.0,91.0,11,59.0
651,652,20.0,91.0,91.0,15,59.0
652,653,18.0,76.0,84.0,12,59.0
653,654,19.0,90.0,91.0,13,59.0
654,655,14.0,78.0,91.0,15,59.0
655,656,28.0,89.0,90.0,11,59.0
656,657,20.0,86.0,90.0,13,59.0
657,658,19.0,71.0,74.0,13,59.0
658,659,24.0,83.0,90.0,11,59.0
659,660,17.0,91.0,91.0,13,59.0
660,661,15.0,76.0,90.0,12,59.0
661,662,16.0,84.0,91.0,14,59.0
662,663,22.0,91.0,91.0,21,59.0
663,664,18.0,84.0,90.0,17,59.0
664,665,21.0,82.0,89.0,7,59.0
665,666,17.0,89.0,91.0,11,59.0
666,667,19.0,91.0,91.0,13,59.0
667,668,17.0,87.0,90.0,13,59.0
668,669,20.0,90.0,91.0,10,59.0
669,670,22.0,85.0,85.0,7,59.0
670,671,22.0,89.0,90.0,16,59.0
671,672,22.0,88.0,91.0,21,59.0
672,673,27.0,81.0,88.0,7,59.0
673,674,17.0,70.0,84.0,13,59.0
674,675,19.0,87.0,87.0,17,59.0
675,676,16.0,82.0,82.0,7,59.0
676,677,18.0,84.0,84.0,13,59.0
677,678,16.0,89.0,91.0,15,59.0
678,679,23.0,85.0,89.0,17,59.0
679,680,16.0,87.0,89.0,13,59.0
680,681,23.0,84.0,90.0,11,59.0
681,682,18.0,83.0,89.0,16,59.0
682,683,21.0,81.0,91.0,16,59.0
683,684,21.0,85.0,85.0,12,59.0
684,685,23.0,78.0,84.0,18,59.0
685,686,21.0,83.0,83.0,13,59.0
686,687,34.0,85.0,91.0,15,59.0
687,688,15.0,84.0,90.0,17,59.0
688,689,23.0,78.0,90.0,12,59.0
689,690,20.0,85.0,88.0,12,59.0
690,691,17.0,81.0,86.0,9,59.0
691,692,18.0,79.0,87.0,16,59.0
692,693,15.0,85.0,86.0,6,59.0
693,694,17.0,89.0,91.0,10,59.0
694,695,22.0,87.0,90.0,10,59.0
695,696,19.0,78.0,81.0,13,59.0
696,697,15.0,83.0,90.0,10,59.0
697,698,14.0,80.0,87.0,11,59.0
698,699,11.0,86.0,88.0,14,59.0
699,700,17.0,88.0,89.0,9,59.0
700,701,23.0,84.0,89.0,19,59.0
701,702,17.0,83.0,88.0,13,59.0
702,703,13.0,89.0,90.0,14,59.0
703,704,15.0,84.0,87.0,14,59.0
704,705,16.0,77.0,82.0,12,59.0
705,706,22.0,91.0,91.0,10,59.0
706,707,18.0,89.0,91.0,12,59.0
707,708,21.0,77.0,78.0,5,59.0
708,709,16.0,88.0,91.0,4,59.0
709,710,21.0,88.0,91.0,16,59.0
710,711,25.0,84.0,87.0,14,59.0
711,712,23.0,87.0,88.0,8,59.0
712,713,22.0,86.0,88.0,14,59.0
713,714,16.0,87.0,87.0,12,59.0
714,715,15.0,90.0,91.0,8,59.0
715,716,23.0,87.0,90.0,11,59.0
716,717,19.0,81.0,85.0,13,59.0
717,718,18.0,72.0,77.0,9,59.0
718,719,17.0,89.0,90.0,10,59.0
719,720,20.0,76.0,88.0,12,59.0
720,721,11.0,84.0,89.0,14,59.0
721,722,21.0,89.0,91.0,8,59.0
722,723,16.0,85.0,91.0,11,59.0
723,724,15.0,79.0,83.0,14,59.0
724,725,15.0,76.0,86.0,12,59.0
725,726,21.0,89.0,89.0,11,59.0
726,727,18.0,86.0,86.0,12,59.0
727,728,20.0,91.0,91.0,16,59.0
728,729,14.0,77.0,86.0,17,59.0
729,730,24.0,77.0,82.0,7,59.0
730,731,13.0,83.0,86.0,16,59.0
731,732,17.0,80.0,81.0,14,59.0
732,733,17.0,86.0,89.0,8,59.0
733,734,19.0,91.0,91.0,15,59.0
734,735,16.0,82.0,84.0,16,59.0
735,736,16.0,83.0,85.0,12,59.0
736,737,24.0,88.0,88.0,13,59.0
737,738,17.0,84.0,88.0,13,59.0
738,739,16.0,86.0,86.0,17,59.0
739,740,26.0,89.0,90.0,7,59.0
740,741,26.0,87.0,89.0,10,59.0
741,742,24.0,83.0,88.0,16,59.0
742,743,15.0,91.0,91.0,18,59.0
743,744,18.0,78.0,83.0,14,59.0
744,745,16.0,89.0,90.0,9,59.0
745,746,22.0,81.0,81.0,12,59.0
746,747,16.0,81.0,90.0,8,59.0
747,748,22.0,89.0,90.0,12,59.0
748,749,15.0,78.0,81.0,18,59.0
749,750,15.0,88.0,91.0,15,59.0
750,751,20.0,82.0,84.0,9,59.0
751,752,18.0,85.0,89.0,9,59.0
752,753,19.0,84.0,88.0,13,59.0
753,754,18.0,85.0,86.0,17,59.0
754,755,13.0,85.0,90.0,11,59.0
755,756,17.0,85.0,88.0,13,59.0
756,757,17.0,90.0,91.0,8,59.0
757,758,11.0,70.0,71.0,13,59.0
758,759,12.0,79.0,84.0,9,59.0
759,760,13.0,85.0,87.0,15,59.0
760,761,15.0,77.0,78.0,12,59.0
761,762,18.0,83.0,88.0,12,59.0
762,763,19.0,91.0,91.0,14,59.0
763,764,16.0,83.0,85.0,10,59.0
764,765,21.0,86.0,89.0,7,59.0
765,766,29.0,82.0,89.0,13,59.0
766,767,14.0,84.0,91.0,9,59.0
767,768,19.0,89.0,90.0,18,59.0
768,769,24.0,90.0,90.0,12,59.0
769,770,18.0,83.0,88.0,11,59.0
770,771,16.0,82.0,83.0,12,59.0
771,772,16.0,84.0,85.0,16,59.0
772,773,15.0,79.0,91.0,10,59.0
773,774,26.0,78.0,85.0,13,59.0
774,775,18.0,84.0,84.0,13,59.0
775,776,18.0,86.0,89.0,9,59.0
776,777,17.0,88.0,89.0,10,59.0
777,778,19.0,83.0,84.0,12,59.0
778,779,13.0,90.0,90.0,8,59.0
779,780,24.0,87.0,87.0,13,59.0
780,781,27.0,89.0,89.0,14,59.0
781,782,26.0,84.0,85.0,18,59.0
782,783,13.0,89.0,90.0,8,59.0
783,784,18.0,88.0,89.0,11,59.0
784,785,16.0,81.0,85.0,11,59.0
785,786,19.0,89.0,90.0,12,59.0
786,787,17.0,79.0,89.0,13,59.0
787,788,18.0,88.0,88.0,10,59.0
788,789,21.0,85.0,88.0,16,59.0
789,790,20.0,73.0,80.0,9,59.0
790,791,18.0,84.0,90.0,17,59.0
791,792,20.0,84.0,88.0,11,59.0
792,793,28.0,89.0,91.0,13,59.0
793,794,14.0,84.0,89.0,13,59.0
794,795,21.0,90.0,90.0,15,59.0
795,796,7.0,84.0,91.0,8,59.0
796,797,16.0,88.0,91.0,15,59.0
797,798,14.0,89.0,91.0,16,59.0
798,799,22.0,91.0,91.0,10,59.0
799,800,18.0,91.0,91.0,12,59.0
800,801,12.0,77.0,91.0,13,59.0
801,802,13.0,90.0,90.0,15,59.0
802,803,7.0,76.0,80.0,15,59.0
803,804,22.0,80.0,81.0,9,59.0
804,805,18.0,87.0,88.0,14,59.0
805,806,23.0,88.0,88.0,13,59.0
806,807,20.0,85.0,88.0,9,59.0
807,808,19.0,90.0,91.0,12,59.0
808,809,21.0,89.0,91.0,11,59.0
809,810,11.0,75.0,82.0,13,59.0
810,811,14.0,76.0,84.0,12,59.0
811,812,20.0,83.0,83.0,7,59.0
812,813,22.0,81.0,85.0,12,59.0
813,814,16.0,76.0,78.0,16,59.0
814,815,24.0,90.0,91.0,6,59.0
815,816,21.0,77.0,79.0,8,59.0
816,817,15.0,84.0,87.0,16,59.0
817,818,11.0,80.0,83.0,15,59.0
818,819,20.0,89.0,91.0,15,59.0
819,820,17.0,87.0,89.0,15,59.0
820,821,19.0,86.0,90.0,9,59.0
821,822,19.0,85.0,86.0,8,59.0
822,823,21.0,83.0,85.0,13,59.0
823,824,21.0,90.0,91.0,15,59.0
824,825,17.0,83.0,88.0,15,59.0
825,826,18.0,75.0,89.0,18,59.0
826,827,11.0,84.0,89.0,15,59.0
827,828,15.0,76.0,81.0,18,59.0
828,829,17.0,76.0,90.0,13,59.0
829,830,11.0,72.0,91.0,14,59.0
830,831,18.0,86.0,90.0,9,59.0
831,832,22.0,88.0,88.0,7,59.0
832,833,22.0,85.0,86.0,10,59.0
833,834,16.0,86.0,86.0,19,59.0
834,835,24.0,82.0,91.0,14,59.0
835,836,18.0,68.0,71.0,13,59.0
836,837,21.0,84.0,85.0,9,59.0
837,838,16.0,90.0,91.0,15,59.0
838,839,22.0,86.0,87.0,15,59.0
839,840,15.0,84.0,87.0,10,59.0
840,841,19.0,85.0,85.0,7,59.0
841,842,21.0,87.0,89.0,14,59.0
842,843,18.0,74.0,77.0,12,59.0
843,844,15.0,89.0,90.0,11,59.0
844,845,23.0,86.0,86.0,13,59.0
845,846,15.0,74.0,84.0,13,59.0
846,847,26.0,85.0,85.0,16,59.0
847,848,15.0,76.0,81.0,12,59.0
848,849,23.0,89.0,90.0,11,59.0
849,850,13.0,86.0,86.0,7,59.0
850,851,19.0,71.0,87.0,18,59.0
851,852,25.0,80.0,89.0,14,59.0
852,853,20.0,81.0,90.0,12,59.0
853,854,26.0,89.0,89.0,8,59.0
854,855,24.0,89.0,91.0,12,59.0
855,856,20.0,81.0,81.0,14,59.0
856,857,25.0,73.0,81.0,18,59.0
857,858,21.0,88.0,88.0,12,59.0
858,859,31.0,84.0,85.0,12,59.0
859,860,23.0,90.0,90.0,11,59.0
860,861,20.0,71.0,73.0,17,59.0
861,862,18.0,85.0,87.0,15,59.0
862,863,20.0,78.0,91.0,11,59.0
863,864,22.0,87.0,89.0,9,59.0
864,865,25.0,89.0,91.0,15,59.0
865,866,18.0,82.0,82.0,9,59.0
866,867,26.0,86.0,91.0,12,59.0
867,868,20.0,90.0,91.0,14,59.0
868,869,16.0,78.0,83.0,7,59.0
869,870,17.0,85.0,90.0,12,59.0
870,871,19.0,82.0,86.0,18,59.0
871,872,16.0,88.0,91.0,12,59.0
872,873,20.0,90.0,90.0,14,59.0
873,874,18.0,90.0,90.0,14,59.0
874,875,15.0,77.0,77.0,14,59.0
875,876,22.0,88.0,90.0,7,59.0
876,877,19.0,68.0,86.0,9,59.0
877,878,18.0,84.0,84.0,11,59.0
878,879,20.0,83.0,83.0,11,59.0
879,880,22.0,73.0,78.0,11,59.0
880,881,27.0,85.0,87.0,18,59.0
881,882,18.0,86.0,88.0,16,59.0
882,883,20.0,89.0,90.0,17,59.0
883,884,15.0,87.0,91.0,11,59.0
884,885,23.0,80.0,80.0,15,59.0
885,886,20.0,82.0,82.0,11,59.0
886,887,14.0,90.0,91.0,14,59.0
887,888,18.0,76.0,86.0,22,59.0
888,889,13.0,86.0,88.0,9,59.0
889,890,16.0,75.0,77.0,14,59.0
890,891,20.0,90.0,91.0,10,59.0
891,892,17.0,85.0,89.0,9,59.0
892,893,17.0,81.0,91.0,13,59.0
893,894,13.0,81.0,91.0,17,59.0
894,895,16.0,77.0,84.0,13,59.0
895,896,21.0,75.0,89.0,13,59.0
896,897,14.0,71.0,78.0,10,59.0
897,898,24.0,85.0,87.0,10,59.0
898,899,19.0,82.0,91.0,15,59.0
899,900,20.0,82.0,85.0,20,59.0
900,901,17.0,83.0,88.0,16,59.0
901,902,20.0,89.0,90.0,13,59.0
902,903,20.0,86.0,88.0,9,59.0
903,904,19.0,82.0,86.0,13,59.0
904,905,20.0,86.0,88.0,15,59.0
905,906,17.0,86.0,90.0,12,59.0
906,907,19.0,87.0,87.0,11,59.0
907,908,26.0,88.0,89.0,11,59.0
908,909,21.0,86.0,88.0,16,59.0
909,910,19.0,90.0,90.0,12,59.0
910,911,11.0,79.0,79.0,10,59.0
911,912,17.0,78.0,82.0,12,59.0
912,913,17.0,87.0,88.0,14,59.0
913,914,13.0,81.0,90.0,9,59.0
914,915,16.0,90.0,91.0,13,59.0
915,916,20.0,89.0,89.0,20,59.0
916,917,21.0,88.0,91.0,11,59.0
917,918,18.0,78.0,78.0,13,59.0
918,919,19.0,91.0,91.0,11,59.0
919,920,24.0,80.0,84.0,15,59.0
920,921,18.0,85.0,87.0,11,59.0
921,922,24.0,80.0,82.0,20,59.0
922,923,23.0,84.0,90.0,14,59.0
923,924,21.0,82.0,87.0,10,59.0
924,925,24.0,90.0,90.0,15,59.0
925,926,25.0,83.0,89.0,11,59.0
926,927,23.0,80.0,80.0,17,59.0
927,928,29.0,90.0,91.0,11,59.0
928,929,10.0,84.0,84.0,7,59.0
929,930,17.0,84.0,86.0,15,59.0
930,931,18.0,79.0,80.0,15,59.0
931,932,19.0,87.0,91.0,11,59.0
932,933,18.0,88.0,90.0,13,59.0
933,934,24.0,87.0,89.0,13,59.0
934,935,25.0,89.0,90.0,18,59.0
935,936,18.0,91.0,91.0,8,59.0
936,937,20.0,91.0,91.0,13,59.0
937,938,19.0,83.0,88.0,19,59.0
938,939,15.0,89.0,89.0,14,59.0
939,940,25.0,78.0,81.0,18,59.0
940,941,23.0,87.0,90.0,12,59.0
941,942,17.0,87.0,89.0,10,59.0
942,943,19.0,91.0,91.0,10,59.0
943,944,26.0,85.0,86.0,11,59.0
944,945,18.0,90.0,90.0,12,59.0
945,946,16.0,83.0,91.0,16,59.0
946,947,15.0,86.0,87.0,8,59.0
947,948,20.0,86.0,88.0,11,59.0
948,949,22.0,75.0,83.0,11,59.0
949,950,11.0,72.0,82.0,11,59.0
950,951,18.0,81.0,85.0,8,59.0
951,952,24.0,91.0,91.0,17,59.0
952,953,16.0,90.0,90.0,13,59.0
953,954,21.0,90.0,91.0,7,59.0
954,955,17.0,89.0,90.0,17,59.0
955,956,16.0,75.0,76.0,17,59.0
956,957,23.0,91.0,91.0,11,59.0
957,958,19.0,86.0,90.0,8,59.0
958,959,18.0,86.0,86.0,14,59.0
959,960,19.0,69.0,81.0,15,59.0
960,961,22.0,77.0,84.0,18,59.0
961,962,25.0,90.0,91.0,13,59.0
962,963,19.0,79.0,80.0,12,59.0
963,964,20.0,90.0,90.0,12,59.0
964,965,15.0,89.0,90.0,10,59.0
965,966,22.0,89.0,89.0,8,59.0
966,967,13.0,84.0,86.0,15,59.0
967,968,19.0,90.0,90.0,13,59.0
968,969,14.0,76.0,82.0,12,59.0
969,970,26.0,90.0,90.0,11,59.0
970,971,16.0,91.0,91.0,15,59.0
971,972,18.0,76.0,91.0,7,59.0
972,973,16.0,74.0,87.0,11,59.0
973,974,23.0,91.0,91.0,13,59.0
974,975,18.0,75.0,78.0,15,59.0
975,976,17.0,83.0,90.0,12,59.0
976,977,14.0,66.0,90.0,13,59.0
977,978,18.0,87.0,90.0,18,59.0
978,979,15.0,87.0,89.0,10,59.0
979,980,21.0,88.0,90.0,13,59.0
980,981,21.0,86.0,87.0,13,59.0
981,982,19.0,83.0,85.0,11,59.0
982,983,22.0,87.0,87.0,9,59.0
983,984,19.0,88.0,90.0,15,59.0
984,985,18.0,84.0,84.0,10,59.0
985,986,16.0,91.0,91.0,12,59.0
986,987,20.0,89.0,89.0,12,59.0
987,988,26.0,87.0,88.0,14,59.0
988,989,20.0,81.0,85.0,13,59.0
989,990,15.0,82.0,84.0,16,59.0
990,991,17.0,87.0,90.0,14,59.0
991,992,15.0,85.0,85.0,10,59.0
992,993,21.0,84.0,86.0,11,59.0
993,994,28.0,87.0,87.0,13,59.0
994,995,21.0,79.0,88.0,6,59.0
995,996,13.0,81.0,82.0,12,59.0
996,997,22.0,85.0,85.0,17,59.0
997,998,21.0,89.0,91.0,10,59.0
998,999,19.0,85.0,91.0,9,59.0
999,1000,20.0,78.0,79.0,14,59.0
1000,1001,16.0,86.0,89.0,8,59.0
1001,1002,19.0,89.0,91.0,13,59.0
1002,1003,16.0,79.0,80.0,12,59.0
1003,1004,17.0,90.0,90.0,11,59.0
1004,1005,15.0,84.0,89.0,13,59.0
1005,1006,30.0,91.0,91.0,16,59.0
1006,1007,23.0,87.0,89.0,6,59.0
1007,1008,23.0,83.0,88.0,12,59.0
1008,1009,21.0,86.0,88.0,24,59.0
1009,1010,22.0,83.0,87.0,12,59.0
1010,1011,16.0,76.0,85.0,13,59.0
1011,1012,13.0,83.0,89.0,12,59.0
1012,1013,23.0,91.0,91.0,11,59.0
1013,1014,25.0,90.0,90.0,16,59.0
1014,1015,15.0,84.0,86.0,15,59.0
1015,1016,26.0,81.0,82.0,11,59.0
1016,1017,23.0,87.0,90.0,13,59.0
1017,1018,23.0,77.0,77.0,16,59.0
1018,1019,19.0,84.0,87.0,15,59.0
1019,1020,22.0,86.0,90.0,8,59.0
1020,1021,20.0,87.0,91.0,12,59.0
1021,1022,15.0,82.0,90.0,12,59.0
1022,1023,17.0,87.0,91.0,17,59.0
1023,1024,20.0,87.0,89.0,14,59.0
1024,1025,16.0,86.0,87.0,16,59.0
1025,1026,23.0,83.0,90.0,15,59.0
1026,1027,20.0,88.0,91.0,16,59.0
1027,1028,18.0,91.0,91.0,10,59.0
1028,1029,22.0,82.0,82.0,13,59.0
1029,1030,13.0,90.0,91.0,17,59.0
1030,1031,18.0,85.0,85.0,14,59.0
1031,1032,20.0,90.0,91.0,14,59.0
1032,1033,11.0,69.0,78.0,16,59.0
1033,1034,19.0,79.0,80.0,12,59.0
1034,1035,20.0,74.0,77.0,15,59.0
1035,1036,21.0,82.0,88.0,13,59.0
1036,1037,14.0,79.0,81.0,14,59.0
1037,1038,14.0,88.0,90.0,16,59.0
1038,1039,20.0,87.0,88.0,15,59.0
1039,1040,15.0,72.0,72.0,14,59.0
1040,1041,27.0,89.0,90.0,13,59.0
1041,1042,21.0,79.0,84.0,14,59.0
1042,1043,13.0,83.0,83.0,11,59.0
1043,1044,16.0,88.0,90.0,9,59.0
1044,1045,26.0,89.0,91.0,14,59.0
1045,1046,15.0,88.0,90.0,13,59.0
1046,1047,19.0,82.0,82.0,10,59.0
1047,1048,14.0,79.0,80.0,12,59.0
1048,1049,15.0,73.0,91.0,11,59.0
1049,1050,15.0,75.0,80.0,13,59.0
1050,1051,13.0,88.0,90.0,12,59.0
1051,1052,16.0,68.0,77.0,9,59.0
1052,1053,21.0,88.0,91.0,6,59.0
1053,1054,19.0,91.0,91.0,10,59.0
1054,1055,17.0,89.0,90.0,15,59.0
1055,1056,17.0,82.0,86.0,11,59.0
1056,1057,14.0,80.0,86.0,8,59.0
1057,1058,14.0,80.0,84.0,7,59.0
1058,1059,19.0,89.0,89.0,13,59.0
1059,1060,23.0,90.0,90.0,13,59.0
1060,1061,27.0,83.0,86.0,15,59.0
1061,1062,17.0,91.0,91.0,15,59.0
1062,1063,21.0,90.0,90.0,13,59.0
1063,1064,17.0,90.0,90.0,15,59.0
1064,1065,15.0,85.0,89.0,14,59.0
1065,1066,18.0,77.0,88.0,11,59.0
1066,1067,24.0,91.0,91.0,13,59.0
1067,1068,11.0,74.0,79.0,15,59.0
1068,1069,16.0,80.0,90.0,14,59.0
1069,1070,18.0,75.0,85.0,9,59.0
1070,1071,26.0,82.0,84.0,13,59.0
1071,1072,28.0,83.0,86.0,17,59.0
1072,1073,15.0,86.0,88.0,17,59.0
1073,1074,18.0,88.0,90.0,12,59.0
1074,1075,28.0,90.0,91.0,15,59.0
1075,1076,18.0,83.0,91.0,11,59.0
1076,1077,17.0,87.0,90.0,12,59.0
1077,1078,25.0,89.0,91.0,10,59.0
1078,1079,20.0,89.0,90.0,15,59.0
1079,1080,13.0,82.0,89.0,12,59.0
1080,1081,13.0,78.0,78.0,13,59.0
1081,1082,8.0,79.0,85.0,14,59.0
1082,1083,23.0,84.0,84.0,10,59.0
1083,1084,18.0,69.0,86.0,10,59.0
1084,1085,20.0,89.0,89.0,12,59.0
1085,1086,14.0,79.0,90.0,9,59.0
1086,1087,16.0,84.0,91.0,9,59.0
1087,1088,22.0,88.0,88.0,10,59.0
1088,1089,25.0,86.0,86.0,18,59.0
1089,1090,17.0,71.0,90.0,12,59.0
1090,1091,24.0,85.0,91.0,21,59.0
1091,1092,13.0,70.0,79.0,17,59.0
1092,1093,22.0,82.0,85.0,12,59.0
1093,1094,15.0,71.0,75.0,15,59.0
1094,1095,17.0,86.0,89.0,17,59.0
1095,1096,22.0,76.0,86.0,18,59.0
1096,1097,22.0,82.0,86.0,19,59.0
1097,1098,18.0,82.0,83.0,18,59.0
1098,1099,26.0,85.0,89.0,9,59.0
1099,1100,29.0,88.0,90.0,13,59.0
1100,1101,17.0,84.0,87.0,8,59.0
1101,1102,19.0,90.0,90.0,16,59.0
1102,1103,21.0,78.0,86.0,12,59.0
1103,1104,17.0,84.0,86.0,7,59.0
1104,1105,13.0,90.0,90.0,8,59.0
1105,1106,17.0,84.0,89.0,9,59.0
1106,1107,20.0,91.0,91.0,14,59.0
1107,1108,22.0,86.0,89.0,12,59.0
1108,1109,17.0,63.0,87.0,12,59.0
1109,1110,19.0,74.0,80.0,10,59.0
1110,1111,13.0,84.0,90.0,16,59.0
1111,1112,14.0,76.0,88.0,11,59.0
1112,1113,18.0,87.0,87.0,18,59.0
1113,1114,18.0,89.0,91.0,12,59.0
1114,1115,20.0,89.0,90.0,11,59.0
1115,1116,22.0,86.0,90.0,17,59.0
1116,1117,16.0,75.0,90.0,16,59.0
1117,1118,18.0,89.0,91.0,16,59.0
1118,1119,23.0,84.0,91.0,13,59.0
1119,1120,14.0,86.0,89.0,7,59.0
1120,1121,18.0,87.0,88.0,13,59.0
1121,1122,16.0,82.0,83.0,12,59.0
1122,1123,20.0,87.0,87.0,11,59.0
1123,1124,18.0,90.0,90.0,11,59.0
1124,1125,27.0,80.0,86.0,17,59.0
1125,1126,13.0,72.0,88.0,11,59.0
1126,1127,11.0,69.0,70.0,11,59.0
1127,1128,20.0,82.0,86.0,12,59.0
1128,1129,15.0,87.0,89.0,14,59.0
1129,1130,15.0,83.0,91.0,13,59.0
1130,1131,17.0,89.0,89.0,12,59.0
1131,1132,21.0,91.0,91.0,12,59.0
1132,1133,19.0,89.0,90.0,12,59.0
1133,1134,21.0,86.0,91.0,11,59.0
1134,1135,15.0,89.0,90.0,10,59.0
1135,1136,14.0,84.0,86.0,7,59.0
1136,1137,19.0,87.0,91.0,9,59.0
1137,1138,17.0,88.0,88.0,12,59.0
1138,1139,14.0,83.0,90.0,14,59.0
1139,1140,15.0,87.0,87.0,16,59.0
1140,1141,22.0,91.0,91.0,16,59.0
1141,1142,18.0,88.0,91.0,12,59.0
1142,1143,17.0,83.0,83.0,15,59.0
1143,1144,20.0,83.0,89.0,9,59.0
1144,1145,18.0,84.0,84.0,11,59.0
1145,1146,16.0,85.0,87.0,11,59.0
1146,1147,21.0,83.0,83.0,20,59.0
1147,1148,23.0,89.0,91.0,13,59.0
1148,1149,26.0,86.0,88.0,9,59.0
1149,1150,16.0,81.0,86.0,17,59.0
1150,1151,15.0,71.0,86.0,12,59.0
1151,1152,16.0,89.0,91.0,17,59.0
1152,1153,19.0,88.0,91.0,9,59.0
1153,1154,19.0,86.0,86.0,19,59.0
1154,1155,12.0,75.0,91.0,9,59.0
1155,1156,16.0,86.0,90.0,13,59.0
1156,1157,17.0,74.0,81.0,13,59.0
1157,1158,16.0,89.0,90.0,19,59.0
1158,1159,20.0,88.0,89.0,18,59.0
1159,1160,12.0,86.0,91.0,8,59.0
1160,1161,18.0,82.0,86.0,19,59.0
1161,1162,18.0,89.0,89.0,11,59.0
1162,1163,22.0,85.0,88.0,17,59.0
1163,1164,19.0,80.0,90.0,17,59.0
1164,1165,20.0,75.0,91.0,10,59.0
1165,1166,18.0,87.0,89.0,21,59.0
1166,1167,17.0,77.0,80.0,14,59.0
1167,1168,13.0,81.0,89.0,15,59.0
1168,1169,27.0,91.0,91.0,14,59.0
1169,1170,10.0,79.0,82.0,22,59.0
1170,1171,14.0,84.0,84.0,12,59.0
1171,1172,19.0,83.0,83.0,7,59.0
1172,1173,20.0,83.0,84.0,12,59.0
1173,1174,15.0,76.0,80.0,16,59.0
1174,1175,16.0,73.0,75.0,15,59.0
1175,1176,24.0,87.0,89.0,9,59.0
1176,1177,19.0,82.0,89.0,16,59.0
1177,1178,24.0,80.0,90.0,10,59.0
1178,1179,23.0,80.0,86.0,14,59.0
1179,1180,21.0,84.0,90.0,13,59.0
1180,1181,25.0,89.0,90.0,9,59.0
1181,1182,12.0,63.0,69.0,13,59.0
1182,1183,16.0,87.0,89.0,14,59.0
1183,1184,23.0,84.0,88.0,13,59.0
1184,1185,19.0,88.0,88.0,15,59.0
1185,1186,19.0,83.0,90.0,17,59.0
1186,1187,18.0,88.0,91.0,12,59.0
1187,1188,20.0,78.0,90.0,15,59.0
1188,1189,21.0,87.0,90.0,10,59.0
1189,1190,17.0,87.0,87.0,12,59.0
1190,1191,17.0,89.0,90.0,6,59.0
1191,1192,25.0,79.0,91.0,17,59.0
1192,1193,21.0,86.0,91.0,10,59.0
1193,1194,21.0,77.0,86.0,9,59.0
1194,1195,15.0,80.0,85.0,7,59.0
1195,1196,16.0,86.0,89.0,13,59.0
1196,1197,24.0,90.0,91.0,13,59.0
1197,1198,19.0,81.0,89.0,14,59.0
1198,1199,25.0,79.0,82.0,10,59.0
1199,1200,19.0,77.0,84.0,12,59.0
1200,1201,18.0,88.0,90.0,15,59.0
1201,1202,17.0,91.0,91.0,12,59.0
1202,1203,15.0,71.0,81.0,13,59.0
1203,1204,21.0,89.0,91.0,16,59.0
1204,1205,15.0,83.0,83.0,20,59.0
1205,1206,29.0,91.0,91.0,14,59.0
1206,1207,25.0,85.0,87.0,15,59.0
1207,1208,18.0,87.0,90.0,16,59.0
1208,1209,12.0,81.0,83.0,15,59.0
1209,1210,10.0,65.0,79.0,16,59.0
1210,1211,14.0,88.0,90.0,8,59.0
1211,1212,15.0,90.0,90.0,18,59.0
1212,1213,17.0,88.0,90.0,17,59.0
1213,1214,19.0,85.0,85.0,8,59.0
1214,1215,21.0,80.0,81.0,13,59.0
1215,1216,16.0,79.0,91.0,15,59.0
1216,1217,15.0,89.0,89.0,16,59.0
1217,1218,22.0,91.0,91.0,12,59.0
1218,1219,26.0,89.0,91.0,10,59.0
1219,1220,19.0,89.0,90.0,11,59.0
1220,1221,14.0,78.0,83.0,18,59.0
1221,1222,16.0,86.0,88.0,21,59.0
1222,1223,16.0,71.0,83.0,15,59.0
1223,1224,21.0,89.0,89.0,20,59.0
1224,1225,19.0,88.0,91.0,12,59.0
1225,1226,11.0,85.0,85.0,13,59.0
1226,1227,16.0,75.0,85.0,15,59.0
1227,1228,18.0,85.0,88.0,12,59.0
1228,1229,22.0,84.0,91.0,18,59.0
1229,1230,16.0,79.0,79.0,15,59.0
1230,1231,20.0,81.0,82.0,12,59.0
1231,1232,18.0,80.0,88.0,10,59.0
1232,1233,24.0,89.0,91.0,12,59.0
1233,1234,22.0,87.0,91.0,15,59.0
1234,1235,13.0,82.0,89.0,11,59.0
1235,1236,19.0,75.0,88.0,12,59.0
1236,1237,24.0,87.0,87.0,11,59.0
1237,1238,17.0,77.0,84.0,9,59.0
1238,1239,21.0,84.0,89.0,9,59.0
1239,1240,20.0,83.0,86.0,8,59.0
1240,1241,16.0,85.0,89.0,12,59.0
1241,1242,20.0,78.0,89.0,17,59.0
1242,1243,19.0,77.0,91.0,11,59.0
1243,1244,18.0,84.0,86.0,12,59.0
1244,1245,20.0,84.0,85.0,11,59.0
1245,1246,16.0,82.0,82.0,12,59.0
1246,1247,19.0,87.0,87.0,16,59.0
1247,1248,20.0,89.0,91.0,11,59.0
1248,1249,12.0,85.0,88.0,11,59.0
1249,1250,23.0,87.0,88.0,12,59.0
1250,1251,17.0,89.0,91.0,16,59.0
1251,1252,25.0,90.0,91.0,10,59.0
1252,1253,18.0,71.0,90.0,13,59.0
1253,1254,17.0,87.0,90.0,12,59.0
1254,1255,22.0,85.0,86.0,12,59.0
1255,1256,22.0,84.0,88.0,16,59.0
1256,1257,16.0,86.0,87.0,11,59.0
1257,1258,18.0,89.0,89.0,6,59.0
1258,1259,19.0,80.0,80.0,15,59.0
1259,1260,15.0,84.0,91.0,14,59.0
1260,1261,14.0,84.0,90.0,13,59.0
1261,1262,14.0,84.0,91.0,13,59.0
1262,1263,23.0,90.0,91.0,12,59.0
1263,1264,16.0,86.0,89.0,11,59.0
1264,1265,23.0,88.0,91.0,12,59.0
1265,1266,15.0,88.0,89.0,17,59.0
1266,1267,22.0,89.0,90.0,7,59.0
1267,1268,14.0,89.0,89.0,10,59.0
1268,1269,16.0,83.0,83.0,12,59.0
1269,1270,21.0,86.0,88.0,11,59.0
1270,1271,14.0,82.0,91.0,11,59.0
1271,1272,11.0,62.0,64.0,9,59.0
1272,1273,18.0,89.0,90.0,11,59.0
1273,1274,16.0,77.0,86.0,20,59.0
1274,1275,18.0,67.0,74.0,13,59.0
1275,1276,18.0,89.0,90.0,15,59.0
1276,1277,20.0,78.0,84.0,14,59.0
1277,1278,23.0,90.0,90.0,15,59.0
1278,1279,20.0,89.0,91.0,22,59.0
1279,1280,18.0,83.0,86.0,11,59.0
1280,1281,17.0,85.0,91.0,11,59.0
1281,1282,15.0,89.0,89.0,8,59.0
1282,1283,23.0,85.0,91.0,15,59.0
1283,1284,17.0,78.0,85.0,13,59.0
1284,1285,26.0,88.0,88.0,11,59.0
1285,1286,25.0,79.0,86.0,20,59.0
1286,1287,22.0,90.0,91.0,10,59.0
1287,1288,17.0,87.0,91.0,13,59.0
1288,1289,16.0,85.0,86.0,16,59.0
1289,1290,17.0,86.0,86.0,11,59.0
1290,1291,20.0,85.0,88.0,11,59.0
1291,1292,24.0,82.0,88.0,15,59.0
1292,1293,22.0,91.0,91.0,8,59.0
1293,1294,18.0,84.0,89.0,11,59.0
1294,1295,22.0,85.0,90.0,20,59.0
1295,1296,19.0,78.0,89.0,13,59.0
1296,1297,20.0,73.0,89.0,8,59.0
1297,1298,15.0,79.0,85.0,10,59.0
1298,1299,17.0,87.0,87.0,17,59.0
1299,1300,12.0,77.0,82.0,12,59.0
1300,1301,18.0,78.0,88.0,16,59.0
1301,1302,24.0,85.0,88.0,17,59.0
1302,1303,19.0,87.0,90.0,15,59.0
1303,1304,18.0,85.0,90.0,11,59.0
1304,1305,20.0,88.0,90.0,12,59.0
1305,1306,22.0,84.0,86.0,6,59.0
1306,1307,24.0,90.0,91.0,8,59.0
1307,1308,22.0,89.0,90.0,7,59.0
1308,1309,19.0,85.0,86.0,12,59.0
1309,1310,16.0,79.0,81.0,11,59.0
1310,1311,14.0,81.0,90.0,13,59.0
1311,1312,18.0,88.0,90.0,18,59.0
1312,1313,12.0,69.0,70.0,12,59.0
1313,1314,18.0,89.0,89.0,12,59.0
1314,1315,33.0,89.0,90.0,10,59.0
1315,1316,21.0,87.0,91.0,12,59.0
1316,1317,26.0,85.0,89.0,10,59.0
1317,1318,21.0,83.0,88.0,12,59.0
1318,1319,16.0,75.0,86.0,13,59.0
1319,1320,19.0,87.0,89.0,13,59.0
1320,1321,20.0,86.0,91.0,12,59.0
1321,1322,19.0,89.0,91.0,16,59.0
1322,1323,17.0,87.0,87.0,10,59.0
1323,1324,22.0,83.0,91.0,9,59.0
1324,1325,12.0,86.0,86.0,11,59.0
1325,1326,20.0,86.0,90.0,12,59.0
1326,1327,21.0,89.0,91.0,10,59.0
1327,1328,19.0,90.0,90.0,13,59.0
1328,1329,14.0,88.0,90.0,14,59.0
1329,1330,21.0,85.0,90.0,16,59.0
1330,1331,18.0,84.0,91.0,8,59.0
1331,1332,17.0,88.0,88.0,15,59.0
1332,1333,21.0,85.0,86.0,13,59.0
1333,1334,22.0,80.0,87.0,22,59.0
1334,1335,13.0,82.0,85.0,22,59.0
1335,1336,15.0,81.0,89.0,14,59.0
1336,1337,19.0,82.0,91.0,12,59.0
1337,1338,18.0,84.0,85.0,9,59.0
1338,1339,17.0,80.0,88.0,15,59.0
1339,1340,14.0,73.0,77.0,11,59.0
1340,1341,25.0,87.0,88.0,12,59.0
1341,1342,17.0,81.0,86.0,12,59.0
1342,1343,14.0,70.0,78.0,12,59.0
1343,1344,18.0,84.0,87.0,11,59.0
1344,1345,18.0,87.0,90.0,18,59.0
1345,1346,14.0,85.0,91.0,8,59.0
1346,1347,15.0,87.0,88.0,10,59.0
1347,1348,19.0,87.0,89.0,16,59.0
1348,1349,15.0,90.0,90.0,11,59.0
1349,1350,21.0,90.0,91.0,17,59.0
1350,1351,15.0,80.0,86.0,12,59.0
1351,1352,18.0,75.0,88.0,14,59.0
1352,1353,22.0,81.0,84.0,10,59.0
1353,1354,16.0,87.0,90.0,11,59.0
1354,1355,16.0,86.0,91.0,13,59.0
1355,1356,19.0,74.0,81.0,13,59.0
1356,1357,18.0,78.0,79.0,12,59.0
1357,1358,19.0,77.0,79.0,14,59.0
1358,1359,14.0,88.0,91.0,17,59.0
1359,1360,22.0,79.0,90.0,11,59.0
1360,1361,17.0,81.0,83.0,14,59.0
1361,1362,15.0,84.0,89.0,11,59.0
1362,1363,19.0,83.0,84.0,12,59.0
1363,1364,15.0,77.0,85.0,9,59.0
1364,1365,19.0,91.0,91.0,8,59.0
1365,1366,17.0,89.0,91.0,14,59.0
1366,1367,16.0,90.0,91.0,11,59.0
1367,1368,20.0,84.0,90.0,13,59.0
1368,1369,17.0,79.0,83.0,9,59.0
1369,1370,21.0,83.0,91.0,15,59.0
1370,1371,15.0,74.0,79.0,13,59.0
1371,1372,22.0,84.0,84.0,14,59.0
1372,1373,22.0,86.0,90.0,10,59.0
1373,1374,21.0,83.0,88.0,13,59.0
1374,1375,21.0,89.0,89.0,14,59.0
1375,1376,24.0,90.0,90.0,11,59.0
1376,1377,27.0,86.0,89.0,13,59.0
1377,1378,20.0,88.0,91.0,13,59.0
1378,1379,15.0,85.0,86.0,9,59.0
1379,1380,18.0,86.0,90.0,18,59.0
1380,1381,17.0,90.0,91.0,12,59.0
1381,1382,17.0,90.0,91.0,10,59.0
1382,1383,16.0,83.0,87.0,13,59.0
1383,1384,23.0,82.0,83.0,9,59.0
1384,1385,18.0,77.0,77.0,17,59.0
1385,1386,14.0,84.0,84.0,14,59.0
1386,1387,19.0,86.0,90.0,12,59.0
1387,1388,16.0,85.0,88.0,16,59.0
1388,1389,18.0,88.0,88.0,12,59.0
1389,1390,21.0,88.0,89.0,7,59.0
1390,1391,24.0,72.0,80.0,16,59.0
1391,1392,20.0,79.0,81.0,12,59.0
1392,1393,23.0,89.0,91.0,18,59.0
1393,1394,18.0,75.0,85.0,11,59.0
1394,1395,24.0,80.0,91.0,11,59.0
1395,1396,17.0,89.0,91.0,13,59.0
1396,1397,21.0,88.0,91.0,8,59.0
1397,1398,19.0,80.0,90.0,18,59.0
1398,1399,18.0,82.0,87.0,7,59.0
1399,1400,17.0,86.0,88.0,18,59.0
1400,1401,15.0,80.0,88.0,15,59.0
1401,1402,17.0,78.0,86.0,16,59.0
1402,1403,22.0,90.0,90.0,14,59.0
1403,1404,23.0,78.0,81.0,10,59.0
1404,1405,16.0,86.0,87.0,13,59.0
1405,1406,14.0,77.0,78.0,12,59.0
1406,1407,16.0,88.0,89.0,5,59.0
1407,1408,23.0,90.0,90.0,14,59.0
1408,1409,19.0,89.0,91.0,13,59.0
1409,1410,22.0,89.0,90.0,8,59.0
1410,1411,13.0,86.0,86.0,12,59.0
1411,1412,17.0,90.0,91.0,17,59.0
1412,1413,20.0,80.0,81.0,11,59.0
1413,1414,25.0,89.0,90.0,11,59.0
1414,1415,18.0,87.0,90.0,12,59.0
1415,1416,16.0,67.0,82.0,15,59.0
1416,1417,18.0,78.0,87.0,11,59.0
1417,1418,13.0,75.0,84.0,17,59.0
1418,1419,16.0,83.0,87.0,8,59.0
1419,1420,17.0,84.0,86.0,16,59.0
1420,1421,17.0,80.0,90.0,9,59.0
1421,1422,20.0,85.0,86.0,14,59.0
1422,1423,9.0,65.0,65.0,3,59.0
1423,1424,18.0,90.0,91.0,11,59.0
1424,1425,15.0,81.0,90.0,11,59.0
1425,1426,26.0,87.0,90.0,15,59.0
1426,1427,17.0,88.0,88.0,12,59.0
1427,1428,25.0,91.0,91.0,15,59.0
1428,1429,19.0,85.0,91.0,14,59.0
1429,1430,21.0,90.0,91.0,18,59.0
1430,1431,17.0,89.0,91.0,11,59.0
1431,1432,18.0,68.0,72.0,9,59.0
1432,1433,21.0,82.0,82.0,10,59.0
1433,1434,20.0,76.0,76.0,11,59.0
1434,1435,17.0,89.0,91.0,15,59.0
1435,1436,17.0,91.0,91.0,7,59.0
1436,1437,26.0,88.0,88.0,14,59.0
1437,1438,22.0,86.0,86.0,18,59.0
1438,1439,24.0,90.0,91.0,11,59.0
1439,1440,12.0,81.0,87.0,12,59.0
1440,1441,19.0,81.0,90.0,8,59.0
1441,1442,13.0,74.0,85.0,13,59.0
1442,1443,15.0,69.0,69.0,14,59.0
1443,1444,19.0,76.0,85.0,9,59.0
1444,1445,11.0,80.0,80.0,12,59.0
1445,1446,15.0,78.0,80.0,5,59.0
1446,1447,16.0,81.0,86.0,8,59.0
1447,1448,16.0,84.0,89.0,21,59.0
1448,1449,18.0,86.0,88.0,16,59.0
1449,1450,17.0,87.0,88.0,10,59.0
1450,1451,21.0,84.0,85.0,16,59.0
1451,1452,13.0,86.0,87.0,8,59.0
1452,1453,23.0,86.0,87.0,11,59.0
1453,1454,20.0,86.0,89.0,11,59.0
1454,1455,16.0,82.0,87.0,16,59.0
1455,1456,18.0,85.0,85.0,10,59.0
1456,1457,20.0,91.0,91.0,10,59.0
1457,1458,24.0,87.0,90.0,7,59.0
1458,1459,15.0,76.0,85.0,15,59.0
1459,1460,23.0,89.0,91.0,17,59.0
1460,1461,19.0,83.0,83.0,16,59.0
1461,1462,18.0,88.0,89.0,9,59.0
1462,1463,18.0,87.0,89.0,12,59.0
1463,1464,15.0,80.0,80.0,15,59.0
1464,1465,21.0,85.0,89.0,10,59.0
1465,1466,19.0,80.0,91.0,10,59.0
1466,1467,26.0,87.0,89.0,8,59.0
1467,1468,23.0,89.0,90.0,9,59.0
1468,1469,15.0,88.0,91.0,16,59.0
1469,1470,21.0,82.0,85.0,9,59.0
1470,1471,18.0,86.0,91.0,13,59.0
1471,1472,18.0,83.0,89.0,9,59.0
1472,1473,20.0,78.0,91.0,12,59.0
1473,1474,18.0,88.0,91.0,18,59.0
1474,1475,18.0,83.0,90.0,22,59.0
1475,1476,11.0,89.0,89.0,12,59.0
1476,1477,17.0,90.0,91.0,18,59.0
1477,1478,25.0,87.0,90.0,9,59.0
1478,1479,16.0,79.0,85.0,12,59.0
1479,1480,19.0,85.0,91.0,12,59.0
1480,1481,18.0,88.0,89.0,10,59.0
1481,1482,16.0,87.0,87.0,12,59.0
1482,1483,20.0,85.0,90.0,16,59.0
1483,1484,21.0,91.0,91.0,17,59.0
1484,1485,17.0,86.0,86.0,9,59.0
1485,1486,21.0,87.0,87.0,13,59.0
1486,1487,18.0,80.0,85.0,14,59.0
1487,1488,17.0,83.0,85.0,11,59.0
1488,1489,17.0,91.0,91.0,12,59.0
1489,1490,16.0,84.0,86.0,9,59.0
1490,1491,22.0,82.0,88.0,12,59.0
1491,1492,21.0,87.0,90.0,10,59.0
1492,1493,15.0,86.0,90.0,11,59.0
1493,1494,22.0,90.0,91.0,13,59.0
1494,1495,26.0,91.0,91.0,15,59.0
1495,1496,24.0,88.0,91.0,12,59.0
1496,1497,22.0,81.0,90.0,18,59.0
1497,1498,19.0,83.0,90.0,17,59.0
1498,1499,13.0,70.0,82.0,13,59.0
1499,1500,19.0,76.0,83.0,14,59.0
1500,1501,12.0,84.0,90.0,11,59.0
1501,1502,23.0,84.0,88.0,11,59.0
1502,1503,22.0,84.0,85.0,8,59.0
1503,1504,16.0,80.0,80.0,15,59.0
1504,1505,18.0,83.0,84.0,13,59.0
1505,1506,22.0,88.0,91.0,15,59.0
1506,1507,16.0,81.0,87.0,17,59.0
1507,1508,21.0,89.0,89.0,14,59.0
1508,1509,25.0,91.0,91.0,16,59.0
1509,1510,23.0,81.0,84.0,8,59.0
1510,1511,13.0,77.0,87.0,14,59.0
1511,1512,17.0,87.0,87.0,20,59.0
1512,1513,14.0,86.0,86.0,11,59.0
1513,1514,13.0,84.0,90.0,10,59.0
1514,1515,18.0,66.0,90.0,11,59.0
1515,1516,15.0,85.0,91.0,15,59.0
1516,1517,21.0,87.0,90.0,13,59.0
1517,1518,14.0,89.0,91.0,10,59.0
1518,1519,21.0,90.0,90.0,7,59.0
1519,1520,23.0,87.0,88.0,15,59.0
1520,1521,15.0,87.0,87.0,14,59.0
1521,1522,16.0,79.0,90.0,10,59.0
1522,1523,26.0,82.0,88.0,10,59.0
1523,1524,20.0,86.0,91.0,14,59.0
1524,1525,19.0,89.0,89.0,12,59.0
1525,1526,16.0,85.0,86.0,9,59.0
1526,1527,18.0,87.0,89.0,11,59.0
1527,1528,19.0,79.0,85.0,15,59.0
1528,1529,20.0,88.0,88.0,14,59.0
1529,1530,21.0,82.0,91.0,15,59.0
1530,1531,15.0,85.0,86.0,17,59.0
1531,1532,19.0,84.0,91.0,10,59.0
1532,1533,22.0,90.0,91.0,8,59.0
1533,1534,25.0,89.0,91.0,8,59.0
1534,1535,16.0,81.0,91.0,9,59.0
1535,1536,12.0,79.0,89.0,18,59.0
1536,1537,25.0,88.0,90.0,13,59.0
1537,1538,16.0,83.0,86.0,10,59.0
1538,1539,16.0,74.0,81.0,15,59.0
1539,1540,18.0,81.0,83.0,13,59.0
1540,1541,22.0,74.0,91.0,18,59.0
1541,1542,25.0,88.0,91.0,13,59.0
1542,1543,13.0,87.0,87.0,14,59.0
1543,1544,20.0,87.0,88.0,9,59.0
1544,1545,20.0,89.0,90.0,9,59.0
1545,1546,23.0,86.0,86.0,8,59.0
1546,1547,21.0,79.0,85.0,14,59.0
1547,1548,21.0,90.0,91.0,13,59.0
1548,1549,18.0,86.0,91.0,15,59.0
1549,1550,14.0,65.0,65.0,16,59.0
1550,1551,14.0,80.0,89.0,16,59.0
1551,1552,18.0,87.0,87.0,14,59.0
1552,1553,16.0,80.0,82.0,15,59.0
1553,1554,30.0,86.0,91.0,11,59.0
1554,1555,16.0,85.0,86.0,9,59.0
1555,1556,20.0,84.0,90.0,13,59.0
1556,1557,20.0,81.0,89.0,18,59.0
1557,1558,15.0,89.0,91.0,10,59.0
1558,1559,18.0,83.0,89.0,14,59.0
1559,1560,16.0,80.0,88.0,18,59.0
1560,1561,19.0,78.0,81.0,18,59.0
1561,1562,26.0,88.0,89.0,9,59.0
1562,1563,20.0,81.0,91.0,14,59.0
1563,1564,18.0,83.0,91.0,17,59.0
1564,1565,27.0,88.0,90.0,11,59.0
1565,1566,15.0,86.0,87.0,13,59.0
1566,1567,13.0,69.0,73.0,5,59.0
1567,1568,27.0,89.0,90.0,9,59.0
1568,1569,16.0,88.0,91.0,6,59.0
1569,1570,12.0,86.0,87.0,20,59.0
1570,1571,21.0,80.0,87.0,12,59.0
1571,1572,17.0,84.0,86.0,14,59.0
1572,1573,18.0,88.0,91.0,17,59.0
1573,1574,17.0,87.0,87.0,10,59.0
1574,1575,13.0,88.0,90.0,12,59.0
1575,1576,13.0,76.0,82.0,16,59.0
1576,1577,21.0,87.0,88.0,8,59.0
1577,1578,17.0,84.0,87.0,17,59.0
1578,1579,17.0,88.0,90.0,14,59.0
1579,1580,17.0,87.0,91.0,10,59.0
1580,1581,16.0,80.0,89.0,13,59.0
1581,1582,18.0,69.0,79.0,10,59.0
1582,1583,15.0,78.0,83.0,11,59.0
1583,1584,15.0,90.0,91.0,11,59.0
1584,1585,22.0,91.0,91.0,12,59.0
1585,1586,18.0,91.0,91.0,11,59.0
1586,1587,15.0,82.0,82.0,18,59.0
1587,1588,16.0,84.0,90.0,17,59.0
1588,1589,19.0,77.0,80.0,19,59.0
1589,1590,17.0,82.0,88.0,10,59.0
1590,1591,18.0,84.0,87.0,9,59.0
1591,1592,22.0,87.0,89.0,13,59.0
1592,1593,22.0,86.0,87.0,15,59.0
1593,1594,16.0,77.0,86.0,13,59.0
1594,1595,17.0,87.0,89.0,13,59.0
1595,1596,21.0,83.0,89.0,15,59.0
1596,1597,18.0,60.0,77.0,22,59.0
1597,1598,22.0,87.0,91.0,20,59.0
1598,1599,13.0,91.0,91.0,12,59.0
1599,1600,23.0,84.0,90.0,18,59.0
1600,1601,21.0,88.0,90.0,20,59.0
1601,1602,19.0,89.0,91.0,15,59.0
1602,1603,21.0,88.0,90.0,18,59.0
1603,1604,18.0,82.0,90.0,8,59.0
1604,1605,16.0,79.0,82.0,9,59.0
1605,1606,18.0,88.0,89.0,17,59.0
1606,1607,13.0,87.0,88.0,14,59.0
1607,1608,31.0,88.0,89.0,16,59.0
1608,1609,11.0,73.0,87.0,13,59.0
1609,1610,19.0,85.0,86.0,7,59.0
1610,1611,23.0,81.0,85.0,16,59.0
1611,1612,26.0,89.0,89.0,18,59.0
1612,1613,15.0,85.0,91.0,15,59.0
1613,1614,22.0,84.0,85.0,12,59.0
1614,1615,15.0,88.0,90.0,17,59.0
1615,1616,17.0,81.0,81.0,14,59.0
1616,1617,20.0,88.0,90.0,12,59.0
1617,1618,16.0,90.0,91.0,10,59.0
1618,1619,17.0,83.0,84.0,18,59.0
1619,1620,8.0,86.0,88.0,4,59.0
1620,1621,20.0,82.0,84.0,12,59.0
1621,1622,19.0,84.0,85.0,8,59.0
1622,1623,25.0,90.0,91.0,12,59.0
1623,1624,20.0,84.0,87.0,7,59.0
1624,1625,16.0,90.0,90.0,14,59.0
1625,1626,17.0,79.0,86.0,12,59.0
1626,1627,17.0,80.0,91.0,18,59.0
1627,1628,18.0,76.0,85.0,11,59.0
1628,1629,23.0,86.0,90.0,13,59.0
1629,1630,23.0,83.0,91.0,16,59.0
1630,1631,28.0,86.0,88.0,15,59.0
1631,1632,19.0,86.0,89.0,13,59.0
1632,1633,22.0,84.0,87.0,12,59.0
1633,1634,18.0,90.0,91.0,14,59.0
1634,1635,25.0,87.0,87.0,10,59.0
1635,1636,20.0,88.0,91.0,8,59.0
1636,1637,20.0,87.0,87.0,10,59.0
1637,1638,16.0,89.0,89.0,14,59.0
1638,1639,21.0,87.0,91.0,17,59.0
1639,1640,25.0,87.0,88.0,14,59.0
1640,1641,24.0,90.0,91.0,11,59.0
1641,1642,14.0,86.0,88.0,13,59.0
1642,1643,22.0,87.0,87.0,11,59.0
1643,1644,18.0,87.0,89.0,16,59.0
1644,1645,18.0,74.0,89.0,15,59.0
1645,1646,14.0,81.0,84.0,11,59.0
1646,1647,14.0,89.0,91.0,8,59.0
1647,1648,23.0,88.0,89.0,8,59.0
1648,1649,23.0,69.0,90.0,13,59.0
1649,1650,20.0,89.0,90.0,13,59.0
1650,1651,21.0,78.0,78.0,8,59.0
1651,1652,21.0,81.0,89.0,6,59.0
1652,1653,20.0,87.0,87.0,17,59.0
1653,1654,17.0,76.0,85.0,14,59.0
1654,1655,17.0,88.0,89.0,10,59.0
1655,1656,17.0,73.0,86.0,21,59.0
1656,1657,14.0,88.0,89.0,11,59.0
1657,1658,20.0,84.0,85.0,17,59.0
1658,1659,15.0,79.0,89.0,12,59.0
1659,1660,15.0,84.0,88.0,14,59.0
1660,1661,16.0,85.0,91.0,12,59.0
1661,1662,18.0,89.0,90.0,9,59.0
1662,1663,17.0,80.0,85.0,12,59.0
1663,1664,21.0,89.0,91.0,12,59.0
1664,1665,18.0,87.0,91.0,14,59.0
1665,1666,13.0,74.0,84.0,15,59.0
1666,1667,20.0,90.0,91.0,15,59.0
1667,1668,12.0,89.0,89.0,5,59.0
1668,1669,19.0,85.0,91.0,10,59.0
1669,1670,24.0,90.0,91.0,11,59.0
1670,1671,20.0,81.0,84.0,14,59.0
1671,1672,18.0,83.0,87.0,17,59.0
1672,1673,18.0,77.0,90.0,13,59.0
1673,1674,19.0,86.0,88.0,6,59.0
1674,1675,15.0,85.0,90.0,12,59.0
1675,1676,25.0,84.0,90.0,18,59.0
1676,1677,17.0,75.0,79.0,11,59.0
1677,1678,19.0,84.0,84.0,9,59.0
1678,1679,20.0,85.0,89.0,12,59.0
1679,1680,15.0,83.0,83.0,17,59.0
1680,1681,23.0,88.0,91.0,16,59.0
1681,1682,20.0,89.0,91.0,18,59.0
1682,1683,22.0,89.0,89.0,14,59.0
1683,1684,18.0,79.0,79.0,13,59.0
1684,1685,17.0,86.0,87.0,11,59.0
1685,1686,27.0,84.0,84.0,17,59.0
1686,1687,18.0,90.0,90.0,14,59.0
1687,1688,15.0,89.0,90.0,12,59.0
1688,1689,19.0,86.0,89.0,22,59.0
1689,1690,21.0,87.0,88.0,11,59.0
1690,1691,12.0,78.0,80.0,11,59.0
1691,1692,12.0,85.0,87.0,12,59.0
1692,1693,27.0,91.0,91.0,17,59.0
1693,1694,15.0,88.0,88.0,13,59.0
1694,1695,25.0,90.0,91.0,10,59.0
1695,1696,22.0,91.0,91.0,11,59.0
1696,1697,18.0,84.0,88.0,6,59.0
1697,1698,18.0,90.0,91.0,11,59.0
1698,1699,17.0,87.0,89.0,11,59.0
1699,1700,22.0,86.0,90.0,11,59.0
1700,1701,13.0,80.0,80.0,11,59.0
1701,1702,15.0,82.0,84.0,12,59.0
1702,1703,18.0,85.0,89.0,12,59.0
1703,1704,17.0,86.0,89.0,15,59.0
1704,1705,21.0,82.0,89.0,9,59.0
1705,1706,21.0,91.0,91.0,15,59.0
1706,1707,19.0,90.0,90.0,12,59.0
1707,1708,18.0,85.0,90.0,8,59.0
1708,1709,16.0,82.0,89.0,19,59.0
1709,1710,25.0,89.0,90.0,12,59.0
1710,1711,16.0,83.0,83.0,14,59.0
1711,1712,18.0,87.0,91.0,9,59.0
1712,1713,19.0,74.0,89.0,13,59.0
1713,1714,20.0,86.0,86.0,14,59.0
1714,1715,15.0,89.0,89.0,12,59.0
1715,1716,20.0,76.0,84.0,14,59.0
1716,1717,17.0,88.0,89.0,11,59.0
1717,1718,23.0,83.0,83.0,9,59.0
1718,1719,17.0,88.0,89.0,14,59.0
1719,1720,22.0,91.0,91.0,14,59.0
1720,1721,20.0,88.0,89.0,16,59.0
1721,1722,16.0,77.0,88.0,13,59.0
1722,1723,22.0,89.0,90.0,13,59.0
1723,1724,19.0,85.0,89.0,13,59.0
1724,1725,15.0,76.0,79.0,15,59.0
1725,1726,18.0,84.0,85.0,17,59.0
1726,1727,16.0,89.0,89.0,12,59.0
1727,1728,14.0,90.0,91.0,8,59.0
1728,1729,21.0,82.0,87.0,16,59.0
1729,1730,25.0,86.0,89.0,8,59.0
1730,1731,16.0,80.0,83.0,10,59.0
1731,1732,26.0,85.0,88.0,12,59.0
1732,1733,16.0,91.0,91.0,12,59.0
1733,1734,16.0,85.0,88.0,15,59.0
1734,1735,25.0,87.0,87.0,11,59.0
1735,1736,19.0,84.0,90.0,17,59.0
1736,1737,22.0,74.0,86.0,13,59.0
1737,1738,24.0,86.0,88.0,10,59.0
1738,1739,22.0,84.0,86.0,13,59.0
1739,1740,14.0,77.0,91.0,9,59.0
1740,1741,15.0,83.0,83.0,13,59.0
1741,1742,17.0,83.0,86.0,17,59.0
1742,1743,21.0,90.0,91.0,7,59.0
1743,1744,21.0,90.0,91.0,12,59.0
1744,1745,20.0,89.0,91.0,9,59.0
1745,1746,20.0,77.0,88.0,8,59.0
1746,1747,13.0,90.0,90.0,11,59.0
1747,1748,22.0,89.0,91.0,14,59.0
1748,1749,20.0,88.0,89.0,18,59.0
1749,1750,11.0,84.0,91.0,11,59.0
1750,1751,17.0,86.0,91.0,13,59.0
1751,1752,20.0,78.0,90.0,19,59.0
1752,1753,25.0,80.0,82.0,13,59.0
1753,1754,19.0,85.0,89.0,17,59.0
1754,1755,14.0,89.0,91.0,18,59.0
1755,1756,16.0,81.0,83.0,18,59.0
1756,1757,16.0,83.0,84.0,8,59.0
1757,1758,20.0,87.0,91.0,13,59.0
1758,1759,20.0,87.0,87.0,12,59.0
1759,1760,13.0,77.0,82.0,10,59.0
1760,1761,23.0,84.0,88.0,15,59.0
1761,1762,24.0,85.0,89.0,9,59.0
1762,1763,21.0,86.0,89.0,15,59.0
1763,1764,16.0,87.0,91.0,18,59.0
1764,1765,21.0,91.0,91.0,11,59.0
1765,1766,23.0,87.0,89.0,16,59.0
1766,1767,18.0,88.0,89.0,10,59.0
1767,1768,15.0,82.0,84.0,16,59.0
1768,1769,21.0,85.0,90.0,11,59.0
1769,1770,25.0,84.0,86.0,14,59.0
1770,1771,19.0,86.0,90.0,16,59.0
1771,1772,19.0,86.0,91.0,11,59.0
1772,1773,20.0,85.0,87.0,12,59.0
1773,1774,26.0,87.0,87.0,12,59.0
1774,1775,20.0,85.0,86.0,11,59.0
1775,1776,21.0,91.0,91.0,14,59.0
1776,1777,15.0,88.0,90.0,13,59.0
1777,1778,20.0,89.0,90.0,14,59.0
1778,1779,16.0,83.0,91.0,13,59.0
1779,1780,22.0,89.0,89.0,13,59.0
1780,1781,16.0,80.0,90.0,11,59.0
1781,1782,17.0,86.0,90.0,14,59.0
1782,1783,22.0,77.0,88.0,13,59.0
1783,1784,14.0,72.0,73.0,5,59.0
1784,1785,14.0,71.0,74.0,12,59.0
1785,1786,17.0,89.0,89.0,16,59.0
1786,1787,18.0,68.0,68.0,9,59.0
1787,1788,17.0,83.0,83.0,14,59.0
1788,1789,19.0,90.0,90.0,15,59.0
1789,1790,14.0,86.0,89.0,12,59.0
1790,1791,22.0,79.0,81.0,20,59.0
1791,1792,18.0,73.0,81.0,21,59.0
1792,1793,22.0,88.0,90.0,12,59.0
1793,1794,15.0,89.0,90.0,12,59.0
1794,1795,19.0,79.0,87.0,7,59.0
1795,1796,18.0,87.0,89.0,13,59.0
1796,1797,27.0,78.0,83.0,12,59.0
1797,1798,20.0,90.0,90.0,16,59.0
1798,1799,21.0,87.0,90.0,18,59.0
1799,1800,15.0,78.0,83.0,14,59.0
1800,1801,18.0,75.0,89.0,11,59.0
1801,1802,23.0,90.0,90.0,16,59.0
1802,1803,29.0,90.0,90.0,7,59.0
1803,1804,25.0,90.0,90.0,9,59.0
1804,1805,23.0,87.0,90.0,18,59.0
1805,1806,22.0,89.0,89.0,11,59.0
1806,1807,17.0,79.0,80.0,9,59.0
1807,1808,20.0,84.0,87.0,13,59.0
1808,1809,24.0,91.0,91.0,16,59.0
1809,1810,16.0,86.0,88.0,14,59.0
1810,1811,10.0,51.0,90.0,12,59.0
1811,1812,16.0,88.0,90.0,7,59.0
1812,1813,28.0,85.0,86.0,12,59.0
1813,1814,17.0,89.0,90.0,11,59.0
1814,1815,19.0,87.0,90.0,14,59.0
1815,1816,18.0,79.0,82.0,13,59.0
1816,1817,26.0,78.0,84.0,7,59.0
1817,1818,16.0,78.0,85.0,11,59.0
1818,1819,19.0,85.0,88.0,13,59.0
1819,1820,12.0,72.0,76.0,17,59.0
1820,1821,18.0,83.0,88.0,14,59.0
1821,1822,14.0,90.0,91.0,14,59.0
1822,1823,21.0,77.0,84.0,18,59.0
1823,1824,14.0,81.0,86.0,12,59.0
1824,1825,24.0,82.0,90.0,11,59.0
1825,1826,12.0,81.0,81.0,13,59.0
1826,1827,26.0,86.0,86.0,13,59.0
1827,1828,17.0,85.0,90.0,8,59.0
1828,1829,17.0,89.0,89.0,15,59.0
1829,1830,21.0,84.0,86.0,14,59.0
1830,1831,18.0,88.0,89.0,11,59.0
1831,1832,26.0,87.0,91.0,18,59.0
1832,1833,17.0,87.0,91.0,10,59.0
1833,1834,17.0,77.0,80.0,10,59.0
1834,1835,14.0,86.0,91.0,9,59.0
1835,1836,21.0,74.0,75.0,15,59.0
1836,1837,18.0,88.0,88.0,20,59.0
1837,1838,22.0,91.0,91.0,10,59.0
1838,1839,17.0,90.0,90.0,8,59.0
1839,1840,19.0,88.0,88.0,18,59.0
1840,1841,23.0,88.0,91.0,17,59.0
1841,1842,17.0,91.0,91.0,12,59.0
1842,1843,14.0,80.0,88.0,11,59.0
1843,1844,11.0,86.0,90.0,17,59.0
1844,1845,31.0,89.0,89.0,9,59.0
1845,1846,14.0,68.0,69.0,18,59.0
1846,1847,17.0,87.0,91.0,17,59.0
1847,1848,23.0,86.0,87.0,14,59.0
1848,1849,19.0,83.0,87.0,18,59.0
1849,1850,27.0,89.0,90.0,16,59.0
1850,1851,21.0,88.0,91.0,13,59.0
1851,1852,23.0,86.0,86.0,15,59.0
1852,1853,25.0,86.0,91.0,13,59.0
1853,1854,24.0,85.0,88.0,8,59.0
1854,1855,17.0,82.0,88.0,14,59.0
1855,1856,15.0,78.0,89.0,9,59.0
1856,1857,23.0,89.0,89.0,12,59.0
1857,1858,21.0,78.0,82.0,15,59.0
1858,1859,13.0,69.0,82.0,18,59.0
1859,1860,17.0,87.0,89.0,5,59.0
1860,1861,19.0,87.0,91.0,12,59.0
1861,1862,18.0,83.0,83.0,16,59.0
1862,1863,23.0,89.0,91.0,15,59.0
1863,1864,13.0,84.0,88.0,15,59.0
1864,1865,16.0,66.0,87.0,14,59.0
1865,1866,20.0,91.0,91.0,13,59.0
1866,1867,23.0,87.0,88.0,9,59.0
1867,1868,16.0,78.0,85.0,9,59.0
1868,1869,21.0,90.0,91.0,12,59.0
1869,1870,26.0,87.0,90.0,19,59.0
1870,1871,19.0,83.0,90.0,13,59.0
1871,1872,16.0,90.0,91.0,11,59.0
1872,1873,14.0,75.0,87.0,15,59.0
1873,1874,14.0,85.0,91.0,7,59.0
1874,1875,23.0,90.0,90.0,19,59.0
1875,1876,19.0,76.0,83.0,15,59.0
1876,1877,18.0,68.0,77.0,9,59.0
1877,1878,21.0,81.0,90.0,10,59.0
1878,1879,24.0,87.0,87.0,11,59.0
1879,1880,23.0,88.0,88.0,8,59.0
1880,1881,31.0,89.0,91.0,11,59.0
1881,1882,27.0,90.0,91.0,12,59.0
1882,1883,17.0,89.0,91.0,11,59.0
1883,1884,21.0,91.0,91.0,14,59.0
1884,1885,18.0,76.0,80.0,13,59.0
1885,1886,19.0,88.0,91.0,16,59.0
1886,1887,21.0,86.0,90.0,10,59.0
1887,1888,19.0,88.0,88.0,13,59.0
1888,1889,19.0,82.0,89.0,7,59.0
1889,1890,25.0,90.0,90.0,12,59.0
1890,1891,19.0,82.0,84.0,12,59.0
1891,1892,16.0,83.0,89.0,9,59.0
1892,1893,18.0,88.0,89.0,17,59.0
1893,1894,21.0,83.0,88.0,9,59.0
1894,1895,18.0,85.0,89.0,14,59.0
1895,1896,27.0,86.0,87.0,13,59.0
1896,1897,14.0,80.0,80.0,10,59.0
1897,1898,16.0,89.0,89.0,15,59.0
1898,1899,16.0,69.0,73.0,13,59.0
1899,1900,15.0,81.0,84.0,12,59.0
1900,1901,13.0,80.0,80.0,17,59.0
1901,1902,22.0,83.0,83.0,12,59.0
1902,1903,25.0,80.0,81.0,16,59.0
1903,1904,23.0,87.0,88.0,17,59.0
1904,1905,19.0,80.0,87.0,5,59.0
1905,1906,16.0,89.0,90.0,11,59.0
1906,1907,24.0,86.0,89.0,14,59.0
1907,1908,18.0,77.0,84.0,16,59.0
1908,1909,21.0,86.0,87.0,13,59.0
1909,1910,15.0,88.0,90.0,10,59.0
1910,1911,16.0,85.0,87.0,10,59.0
1911,1912,25.0,80.0,82.0,14,59.0
1912,1913,23.0,86.0,88.0,16,59.0
1913,1914,18.0,82.0,91.0,13,59.0
1914,1915,14.0,77.0,91.0,14,59.0
1915,1916,18.0,70.0,86.0,13,59.0
1916,1917,23.0,91.0,91.0,19,59.0
1917,1918,23.0,91.0,91.0,15,59.0
1918,1919,21.0,87.0,90.0,9,59.0
1919,1920,18.0,79.0,88.0,16,59.0
1920,1921,12.0,78.0,86.0,11,59.0
1921,1922,18.0,85.0,88.0,12,59.0
1922,1923,13.0,85.0,89.0,14,59.0
1923,1924,20.0,86.0,87.0,11,59.0
1924,1925,20.0,88.0,88.0,9,59.0
1925,1926,22.0,69.0,81.0,8,59.0
1926,1927,15.0,90.0,90.0,12,59.0
1927,1928,13.0,81.0,91.0,13,59.0
1928,1929,22.0,87.0,90.0,15,59.0
1929,1930,21.0,90.0,91.0,10,59.0
1930,1931,21.0,91.0,91.0,11,59.0
1931,1932,23.0,90.0,90.0,8,59.0
1932,1933,17.0,84.0,87.0,15,59.0
1933,1934,14.0,80.0,89.0,10,59.0
1934,1935,20.0,91.0,91.0,13,59.0
1935,1936,22.0,73.0,89.0,14,59.0
1936,1937,21.0,90.0,91.0,11,59.0
1937,1938,23.0,75.0,83.0,13,59.0
1938,1939,22.0,86.0,91.0,12,59.0
1939,1940,25.0,87.0,90.0,13,59.0
1940,1941,16.0,87.0,89.0,8,59.0
1941,1942,22.0,86.0,90.0,7,59.0
1942,1943,17.0,88.0,90.0,10,59.0
1943,1944,20.0,87.0,87.0,11,59.0
1944,1945,15.0,70.0,91.0,13,59.0
1945,1946,23.0,84.0,84.0,15,59.0
1946,1947,25.0,88.0,90.0,8,59.0
1947,1948,22.0,86.0,88.0,15,59.0
1948,1949,19.0,87.0,87.0,12,59.0
1949,1950,21.0,83.0,88.0,11,59.0
1950,1951,16.0,84.0,89.0,13,59.0
1951,1952,21.0,83.0,89.0,15,59.0
1952,1953,22.0,83.0,86.0,10,59.0
1953,1954,19.0,81.0,91.0,17,59.0
1954,1955,13.0,89.0,91.0,14,59.0
1955,1956,16.0,90.0,91.0,13,59.0
1956,1957,12.0,79.0,87.0,13,59.0
1957,1958,23.0,87.0,91.0,12,59.0
1958,1959,21.0,87.0,88.0,14,59.0
1959,1960,20.0,83.0,87.0,15,59.0
1960,1961,12.0,83.0,89.0,15,59.0
1961,1962,20.0,89.0,89.0,11,59.0
1962,1963,19.0,84.0,88.0,15,59.0
1963,1964,14.0,63.0,74.0,14,59.0
1964,1965,22.0,78.0,82.0,15,59.0
1965,1966,18.0,90.0,91.0,15,59.0
1966,1967,21.0,89.0,90.0,15,59.0
1967,1968,17.0,83.0,84.0,13,59.0
1968,1969,17.0,86.0,88.0,16,59.0
1969,1970,28.0,91.0,91.0,15,59.0
1970,1971,21.0,88.0,88.0,10,59.0
1971,1972,27.0,87.0,90.0,7,59.0
1972,1973,21.0,87.0,87.0,9,59.0
1973,1974,23.0,89.0,90.0,17,59.0
1974,1975,18.0,88.0,90.0,12,59.0
1975,1976,21.0,83.0,88.0,10,59.0
1976,1977,19.0,77.0,77.0,12,59.0
1977,1978,21.0,86.0,90.0,15,59.0
1978,1979,21.0,90.0,90.0,17,59.0
1979,1980,24.0,83.0,89.0,11,59.0
1980,1981,17.0,89.0,90.0,18,59.0
1981,1982,20.0,89.0,90.0,14,59.0
1982,1983,22.0,91.0,91.0,8,59.0
1983,1984,15.0,91.0,91.0,12,59.0
1984,1985,27.0,83.0,83.0,17,59.0
1985,1986,17.0,86.0,86.0,12,59.0
1986,1987,20.0,81.0,84.0,12,59.0
1987,1988,15.0,90.0,90.0,9,59.0
1988,1989,10.0,76.0,81.0,15,59.0
1989,1990,20.0,86.0,90.0,18,59.0
1990,1991,25.0,78.0,91.0,9,59.0
1991,1992,20.0,78.0,79.0,12,59.0
1992,1993,21.0,85.0,87.0,10,59.0
1993,1994,17.0,87.0,91.0,15,59.0
1994,1995,8.0,82.0,83.0,16,59.0
1995,1996,21.0,88.0,90.0,12,59.0
1996,1997,21.0,88.0,89.0,9,59.0
1997,1998,16.0,85.0,85.0,14,59.0
1998,1999,22.0,90.0,90.0,7,59.0
1999,2000,26.0,91.0,91.0,13,59.0
